word,frequency,money,women,drugs,crime,positive
t,515,0,0,0,0,0
s,505,0,0,0,0,0
m,335,0,0,0,0,0
man,249,0,0,0,0,0
don,227,0,0,0,0,0
no,192,0,0,0,0,0
all,173,0,0,0,0,0
re,141,0,0,0,0,0
if,121,0,0,0,0,0
then,116,0,0,0,0,0
when,115,0,0,0,0,0
let,107,0,0,0,0,0
ain,105,0,0,0,0,0
never,105,0,0,0,0,0
bad,103,0,0,0,0,0
now,96,0,0,0,0,0
please,93,0,0,0,0,0
niggas,93,0,0,0,0,0
ve,87,0,0,0,0,0
better,86,0,0,0,0,0
there,85,0,0,0,0,0
not,78,0,0,0,0,0
back,77,0,0,0,0,0
ll,74,0,0,0,0,0
girl,73,0,0,0,0,0
fuck,73,0,0,0,0,0
boy,72,0,0,1,0,0
big,70,0,0,0,0,0
still,65,0,0,0,0,0
how,65,0,0,0,0,0
ooh,64,0,0,0,0,0
too,63,0,0,0,0,0
put,63,0,0,0,0,0
more,59,0,0,0,0,0
em,58,0,0,0,0,0
woah,57,0,0,0,0,0
wanna,56,0,0,0,0,0
nigga,56,0,0,0,0,0
even,54,0,0,0,0,0
cause,53,0,0,0,0,0
ma,53,0,1,0,0,0
gonna,50,0,0,0,0,0
some,49,0,0,0,0,0
right,47,0,0,0,0,0
shit,45,0,0,0,0,0
water,43,0,0,0,0,0
look,42,0,0,0,0,0
enemies,39,0,0,0,0,0
where,38,0,0,0,0,0
fall,38,0,0,0,0,0
cold,36,0,0,0,0,0
hold,36,0,0,0,0,0
young,35,0,0,0,0,0
black,35,0,0,0,0,0
little,34,0,0,0,0,0
keep,33,0,0,0,0,0
okay,33,0,0,0,0,0
mad,33,0,0,0,0,0
lord,33,0,0,0,0,0
deep,33,0,0,0,0,0
pour,32,0,0,0,0,0
god,32,0,0,0,0,0
breathe,32,0,0,0,0,0
yo,32,0,0,0,0,0
mum,31,0,0,0,0,0
everything,31,0,0,0,0,0
talk,30,0,0,0,0,0
roll,30,1,0,0,0,0
getting,30,0,0,0,0,0
ya,30,0,0,0,0,0
here,29,0,0,0,0,0
bro,29,0,0,0,0,0
name,29,0,0,0,0,0
gun,28,0,0,0,0,0
ever,28,0,0,0,0,0
pray,28,0,0,0,0,0
tryna,28,0,0,0,0,0
forever,27,0,0,0,0,0
best,27,0,0,0,0,0
pain,27,0,0,0,0,0
face,27,0,0,0,0,0
top,27,0,0,0,0,0
stay,26,0,0,0,0,0
second,26,0,0,0,0,0
word,24,0,0,0,0,0
every,24,0,0,0,0,0
swear,24,0,0,0,0,0
gon,24,0,0,0,0,0
d,24,0,0,0,0,0
done,24,0,0,0,0,0
mean,24,0,0,0,0,0
probably,24,0,0,0,0,0
fire,23,0,0,1,0,0
boys,23,0,0,0,1,0
real,23,0,0,0,0,1
ting,23,0,0,0,0,0
our,23,0,0,0,0,0
ay,23,0,0,0,0,0
rain,23,0,0,0,0,0
why,22,0,0,0,0,0
ayy,21,0,0,0,0,0
die,21,0,0,0,0,0
burn,21,0,0,0,0,0
mike,21,0,0,0,0,0
brother,20,0,0,0,0,0
place,20,0,0,0,0,0
again,20,0,0,0,0,0
good,20,0,0,0,0,0
fly,20,0,0,0,0,0
smoke,20,0,0,0,0,0
friends,19,0,0,0,0,0
forget,19,0,0,0,0,0
mc,19,0,0,0,0,0
old,19,0,0,0,0,0
close,19,0,0,0,0,0
money,19,0,0,0,0,0
than,19,0,0,0,0,0
rave,19,0,0,0,0,0
truth,19,0,0,0,0,0
care,19,0,0,0,0,0
move,18,0,0,0,0,0
buy,18,0,0,0,0,0
hard,18,0,0,0,0,0
last,18,0,0,0,0,0
pay,18,0,0,0,0,0
couple,18,0,0,0,0,0
turnt,18,0,0,0,0,0
hate,18,0,0,0,0,0
help,18,0,0,0,0,0
guess,17,0,0,0,0,0
start,17,0,0,0,0,0
hit,17,0,0,0,0,0
show,17,0,0,0,0,0
baby,17,0,1,0,0,0
nah,16,0,0,0,0,0
cool,16,0,0,0,0,0
same,16,0,0,0,0,0
head,16,0,0,0,0,0
yout,16,0,0,0,0,0
dickhead,16,0,0,0,0,0
check,16,0,0,0,0,0
bout,16,0,0,0,0,0
share,16,0,0,0,0,0
went,15,0,0,0,0,0
alright,15,0,0,0,0,0
mandem,15,0,0,0,0,0
skeng,15,0,0,0,0,0
road,15,0,0,0,0,0
g,15,0,0,0,0,0
soul,15,0,0,0,0,0
wait,15,0,0,0,0,0
bitches,15,0,0,0,0,0
new,15,0,0,0,0,0
away,15,0,0,0,0,0
body,14,0,0,0,0,0
stormz,14,0,0,0,0,0
flipz,14,0,0,0,0,0
praise,14,0,0,0,0,0
comin,14,0,0,0,0,0
gotta,14,0,0,0,0,0
son,14,0,0,0,0,0
much,14,0,0,0,0,0
won,14,0,0,0,0,0
crown,14,0,0,0,0,0
dem,14,0,0,0,0,0
broke,14,0,0,0,0,0
bare,14,0,0,0,0,0
enough,14,0,0,0,0,0
straight,14,0,0,0,0,0
hundred,14,0,0,0,0,0
first,14,0,0,0,0,0
grime,14,0,0,0,0,0
high,14,0,0,0,0,0
ah,13,0,0,0,0,0
chat,13,0,0,0,0,0
though,13,0,0,0,0,0
alone,13,0,0,0,0,0
rap,13,0,0,0,0,0
always,13,0,0,0,0,0
bags,13,0,0,0,0,0
phone,13,0,0,0,0,0
father,13,0,0,0,0,0
mr,13,0,0,0,0,0
weren,13,0,0,0,0,0
times,13,0,0,0,0,0
kill,13,0,0,0,0,0
feet,13,0,0,0,0,0
kick,13,0,0,0,0,0
obvious,12,0,0,0,0,0
shots,12,0,0,0,0,0
whole,12,0,0,0,0,0
ride,12,0,0,0,1,0
ahh,12,0,0,0,0,0
sleep,12,0,0,0,0,0
lookin,12,0,0,0,0,0
stormzy,12,0,0,0,0,0
paid,12,0,0,0,0,0
hear,12,0,0,0,0,0
beggin,12,0,0,0,0,0
gunshot,12,0,0,0,0,0
ground,12,0,0,0,0,0
twist,12,0,0,0,0,0
merky,12,0,0,0,0,0
bought,12,0,0,0,0,0
heavy,12,0,0,0,0,0
pressure,12,0,0,0,0,0
boot,12,0,0,0,0,0
bruddas,12,0,0,0,0,0
as,12,0,0,0,0,0
gassed,12,0,0,0,0,0
lay,12,0,0,0,0,0
walk,12,0,0,0,0,0
brought,12,0,0,0,0,0
city,12,0,0,0,0,0
bring,12,0,0,0,0,0
own,12,0,0,0,0,0
run,12,0,0,0,0,0
door,11,0,0,0,0,0
fucking,11,0,0,0,0,0
turn,11,0,0,0,0,0
caught,11,0,0,0,0,0
war,11,0,0,0,0,0
rude,11,0,0,0,0,0
only,11,0,0,0,0,0
gettin,11,0,0,0,0,0
well,11,0,0,0,0,0
bit,11,0,0,0,0,0
fill,11,0,0,0,0,0
clear,11,0,0,0,0,0
smile,11,0,0,0,0,1
dreams,11,0,0,0,0,0
holy,11,0,0,0,0,0
didn,11,0,0,0,0,0
shoot,11,0,0,0,0,0
whip,11,0,0,0,0,0
flex,10,0,0,0,0,0
storm,10,0,0,0,0,0
game,10,0,0,0,0,0
stormtrooper,10,0,0,0,0,0
cash,10,0,0,0,0,0
caution,10,0,0,0,0,0
promises,10,0,0,0,0,0
home,10,0,0,0,0,0
cah,10,0,0,0,0,0
club,10,0,0,0,0,0
spirit,10,0,0,0,0,0
honest,10,0,0,0,0,0
stop,10,0,0,0,0,0
michael,10,0,0,0,0,0
dead,10,0,0,0,0,0
next,10,0,0,0,0,0
ones,10,0,0,0,0,0
round,10,0,0,0,0,0
handsome,10,0,0,0,0,0
shut,10,0,0,0,0,0
perfect,10,0,0,0,0,0
remember,10,0,0,0,0,0
long,10,0,0,0,0,0
low,10,0,0,0,0,0
talking,10,0,0,0,0,0
cry,10,0,0,0,0,0
broken,10,0,0,0,0,0
school,10,0,0,0,0,0
rachael,10,0,0,0,0,0
makes,10,0,0,0,0,0
easy,9,0,0,0,0,0
blud,9,0,0,0,0,0
bunch,9,0,0,0,0,0
heard,9,0,0,0,0,0
mm,9,0,0,0,0,0
thoughts,9,0,0,0,0,0
mummy,9,0,0,0,0,0
loud,9,0,0,1,0,0
apart,9,0,0,0,0,0
fuckin,9,0,0,0,0,0
grab,9,0,0,0,0,0
believe,9,0,0,0,0,0
sometimes,9,0,0,0,0,0
bitch,9,0,1,0,0,0
already,9,0,0,0,0,0
vossi,9,0,0,0,0,0
anson,9,0,0,0,0,0
blow,9,0,0,1,0,0
days,9,0,0,0,0,0
car,9,0,0,0,0,0
till,9,0,0,0,0,0
knows,9,0,0,0,0,0
beef,9,0,0,0,0,0
finish,9,0,0,0,0,0
scared,9,0,0,0,0,0
freeze,9,0,0,0,0,0
stand,9,0,0,0,0,0
touch,9,0,0,0,0,0
save,9,0,0,0,0,0
house,9,0,0,0,0,0
flame,9,0,0,0,0,0
lie,8,0,0,0,0,0
both,8,0,0,0,0,0
myself,8,0,0,0,0,0
any,8,0,0,0,0,0
likkle,8,0,0,0,0,0
crew,8,0,0,0,0,0
youts,8,0,0,0,0,0
looking,8,0,0,0,0,0
link,8,0,0,0,0,0
dance,8,0,0,0,0,0
trust,8,0,0,0,0,0
diss,8,0,0,0,0,0
oi,8,0,0,0,0,0
sold,8,0,0,0,0,0
lose,8,0,0,0,0,0
cost,8,0,0,0,0,0
salute,8,0,0,0,0,0
everybody,8,0,0,0,0,0
na,8,0,0,0,0,0
catch,8,0,0,0,0,0
shop,8,0,0,0,0,0
end,8,0,0,0,0,0
prayer,8,0,0,0,0,0
worry,8,0,0,0,0,0
fine,8,0,0,0,0,0
pride,8,0,0,0,0,0
takin,8,0,0,0,0,0
bros,8,0,0,0,0,0
tu,8,0,0,0,0,0
taught,8,0,0,0,0,0
da,7,0,0,0,0,0
build,7,0,0,0,0,0
block,7,0,0,0,1,0
bang,7,0,0,0,0,0
jennifer,7,0,0,0,0,0
shout,7,0,0,0,0,0
aim,7,0,0,0,0,0
promise,7,0,0,0,0,0
carlos,7,0,0,0,0,0
maybe,7,0,0,0,0,0
brudda,7,0,0,0,0,0
king,7,0,0,0,0,0
strap,7,0,0,0,1,0
thank,7,0,0,0,0,0
dere,7,0,0,0,0,0
everyday,7,0,0,0,0,0
drop,7,0,0,0,0,0
peace,7,0,0,0,0,1
line,7,0,0,0,0,0
free,7,0,0,0,0,0
dirt,7,0,0,0,0,0
really,7,0,0,0,0,0
wouldn,7,0,0,0,0,0
fam,7,0,0,0,0,0
set,7,0,0,0,1,0
backup,7,0,0,0,0,0
lot,7,0,0,0,0,0
true,7,0,0,0,0,0
hood,7,0,0,0,1,0
fear,7,0,0,0,0,0
ball,7,0,0,0,0,0
lead,7,0,0,0,0,0
news,7,0,0,0,0,0
hot,7,0,0,0,0,0
cut,7,0,0,0,1,0
bop,7,0,0,0,0,0
wonder,7,0,0,0,0,0
dab,7,0,0,1,0,0
ready,7,0,0,0,0,0
count,7,0,0,0,0,0
stories,7,0,0,0,0,0
lost,7,0,0,0,0,0
turned,7,0,0,0,0,0
listen,7,0,0,0,0,0
calm,7,0,0,0,0,1
talkin,7,0,0,0,0,0
gang,7,0,0,0,1,0
mash,7,0,0,0,0,0
bless,7,0,0,0,0,1
thousand,7,0,0,0,0,0
rest,7,0,0,0,0,0
faith,7,0,0,0,0,1
cuh,7,0,0,0,0,0
kid,6,0,0,0,0,0
facial,6,0,0,0,0,0
play,6,0,0,0,0,0
devil,6,0,0,0,0,0
grow,6,0,0,0,0,0
running,6,0,0,0,0,0
mcs,6,0,0,0,0,0
forgive,6,0,0,0,0,0
jump,6,0,0,0,0,0
runnin,6,0,0,0,0,0
bag,6,1,0,0,0,0
mumzy,6,0,0,0,0,0
rate,6,0,0,0,0,0
brothers,6,0,0,0,0,0
pen,6,0,0,0,0,0
missed,6,0,0,0,0,0
escape,6,0,0,0,0,0
pull,6,0,0,0,0,0
bun,6,0,0,0,0,0
guy,6,0,0,0,0,0
different,6,0,0,0,0,0
side,6,0,0,0,0,0
fare,6,0,0,0,0,0
late,6,0,0,0,0,0
charge,6,0,0,0,0,0
understand,6,0,0,0,0,0
slay,6,0,0,0,0,0
mess,6,0,0,0,0,0
gift,6,0,0,0,0,0
corner,6,0,0,0,0,0
freaky,6,0,0,0,0,0
holdin,6,0,0,0,0,0
cap,6,0,0,0,0,0
park,6,0,0,0,0,0
sheets,6,0,0,0,0,0
glad,6,0,0,0,0,0
coffee,6,0,0,0,0,0
pop,6,0,0,0,1,0
speak,6,0,0,0,0,0
eat,6,0,0,0,0,0
bigger,6,0,0,0,0,0
boots,6,0,0,0,0,0
yes,6,0,0,0,0,0
livin,6,0,0,0,0,0
size,6,0,0,0,0,0
shot,6,0,0,0,0,0
twelves,6,0,0,0,0,0
started,6,0,0,0,0,0
burdens,6,0,0,0,0,0
capacity,6,0,0,0,0,0
family,6,0,0,0,0,0
send,6,0,0,0,0,0
change,6,0,0,0,0,0
break,6,0,0,0,0,0
years,6,0,0,0,0,0
streets,6,0,0,0,0,0
bothered,6,0,0,0,0,0
strong,6,0,0,0,0,1
nobody,6,0,0,0,0,0
watch,6,0,0,0,0,0
dancer,6,0,0,0,0,0
bronze,6,0,0,0,0,0
spliff,6,0,0,0,0,0
mic,6,0,0,0,0,0
booth,6,0,0,0,0,0
couldn,6,0,0,0,0,0
blood,6,0,0,0,0,0
other,6,0,0,0,0,0
pussy,5,0,0,0,0,0
answers,5,0,0,0,0,0
doing,5,0,0,0,0,0
live,5,0,0,0,0,0
hashtag,5,0,0,0,0,0
audacity,5,0,0,0,0,0
jigga,5,0,0,0,0,0
most,5,0,0,0,0,0
damn,5,0,0,0,0,0
suck,5,0,0,0,0,0
grateful,5,0,0,0,0,0
bother,5,0,0,0,0,0
shows,5,0,0,0,0,0
london,5,0,0,0,0,0
sun,5,0,0,0,0,0
stage,5,0,0,0,0,0
wears,5,0,0,0,0,0
fell,5,0,0,0,0,0
john,5,0,0,0,0,0
stew,5,0,0,0,0,0
jail,5,0,0,0,0,0
rice,5,0,0,0,0,0
platinum,5,0,0,0,0,0
huh,5,0,0,0,0,0
guys,5,0,0,0,0,0
figure,5,0,0,0,0,0
fast,5,0,0,0,0,0
together,5,0,0,0,0,0
nothing,5,0,0,0,0,0
power,5,0,0,0,0,1
sick,5,0,0,0,0,0
demons,5,0,0,0,0,0
blame,5,0,0,0,0,0
throne,5,0,0,0,0,0
kept,5,0,0,0,0,0
vouch,5,0,0,0,0,0
pick,5,0,0,0,0,0
plaque,5,0,0,0,0,0
south,5,0,0,0,0,0
wish,5,0,0,0,0,0
skin,5,0,0,0,0,0
alive,5,0,0,0,0,0
self,5,0,0,0,0,0
racks,5,1,0,0,0,0
piss,5,0,0,0,0,0
case,5,0,0,0,0,0
flow,5,0,0,0,0,0
arms,5,0,0,0,0,0
summer,5,0,0,0,0,0
coulda,5,0,0,0,0,0
win,5,0,0,0,0,0
struggle,5,0,0,0,0,0
quit,5,0,0,0,0,0
blessings,5,0,0,0,0,0
number,5,0,0,0,0,0
deal,5,0,0,0,0,0
dick,5,0,0,0,0,0
words,5,0,0,0,0,0
kings,5,0,0,0,0,0
ear,5,0,0,0,0,0
woo,5,0,0,0,0,0
double,5,0,0,0,0,0
doin,5,0,0,0,0,0
open,5,0,0,0,0,0
kids,5,0,0,0,0,0
wearing,5,0,0,0,0,0
wrong,5,0,0,0,0,0
la,5,0,0,0,0,0
meant,5,0,0,0,0,0
buss,5,0,0,0,0,0
stress,5,0,0,0,0,0
plan,5,0,0,0,0,0
drive,5,0,0,0,0,0
girls,5,0,0,0,0,0
room,5,0,0,0,0,0
cuts,5,0,0,0,0,0
fore,5,0,0,0,0,0
food,5,0,0,0,0,0
deserve,5,0,0,0,0,0
nothin,5,0,0,0,0,0
explain,5,0,0,0,0,0
rather,5,0,0,0,0,0
match,5,0,0,0,0,0
verse,5,0,0,0,0,0
bridge,5,0,0,0,0,0
drown,5,0,0,0,0,0
somehow,5,0,0,0,0,0
season,5,0,0,0,0,0
stealin,5,0,0,0,0,0
gangster,5,0,0,0,0,0
waiting,5,0,0,0,0,0
business,5,0,0,0,0,0
skitzed,5,0,0,0,0,0
white,5,0,0,0,0,0
shine,5,0,0,0,0,1
hearts,5,0,0,0,0,0
rudeboy,5,0,0,0,0,0
tone,5,0,0,0,0,0
reasons,4,0,0,0,0,0
nice,4,0,0,0,0,0
happy,4,0,0,0,0,0
lion,4,0,0,0,0,0
isn,4,0,0,0,0,0
b,4,0,0,0,0,0
looked,4,0,0,0,0,0
firebabe,4,0,0,0,0,0
else,4,0,0,0,0,0
laugh,4,0,0,0,0,0
wall,4,0,0,0,0,0
queen,4,0,1,0,0,0
dear,4,0,0,0,0,0
fucked,4,0,0,0,0,0
tweet,4,0,0,0,0,0
sorry,4,0,0,0,0,0
harm,4,0,0,0,0,0
fair,4,0,0,0,0,0
whenever,4,0,0,0,0,0
yourself,4,0,0,0,0,0
crazy,4,0,0,0,0,0
flat,4,0,0,0,0,0
somebody,4,0,0,0,0,0
space,4,0,0,0,0,0
ghost,4,0,0,0,0,0
list,4,0,0,0,0,0
owe,4,0,0,0,0,0
twitter,4,0,0,0,0,0
guide,4,0,0,0,0,0
anyone,4,0,0,0,0,0
lebron,4,0,0,0,0,0
o,4,0,0,0,0,0
chain,4,0,0,0,0,0
spread,4,0,0,0,0,0
rise,4,0,0,0,0,1
presence,4,0,0,0,0,0
jesus,4,0,0,0,0,0
felt,4,0,0,0,0,0
lighters,4,0,0,0,0,0
higher,4,0,0,0,0,0
far,4,0,0,0,0,0
relax,4,0,0,0,0,0
yard,4,0,0,0,1,0
odds,4,0,0,0,0,0
boat,4,0,0,0,0,0
ruined,4,0,0,0,0,0
cheap,4,0,0,0,0,0
mans,4,0,0,0,0,0
anonymous,4,0,0,0,0,0
slap,4,0,0,0,0,0
sites,4,0,0,0,0,0
rapper,4,0,0,0,0,0
blogs,4,0,0,0,0,0
imagine,4,0,0,0,0,0
chest,4,0,0,0,0,0
fish,4,0,0,0,0,0
goons,4,0,0,0,0,0
fight,4,0,0,0,0,0
chase,4,0,0,0,0,0
full,4,0,0,0,0,0
instead,4,0,0,0,0,0
timeline,4,0,0,0,0,0
act,4,0,0,0,0,0
fame,4,0,0,0,0,0
puff,4,0,0,0,0,0
blessed,4,0,0,0,0,0
k,4,0,0,0,0,0
fan,4,0,0,0,0,0
bust,4,0,0,0,1,0
tired,4,0,0,0,0,0
hands,4,0,0,0,0,0
luck,4,0,0,0,0,0
dope,4,0,0,1,0,0
seed,4,0,0,0,0,0
fighting,4,0,0,0,0,0
bruv,4,0,0,0,0,0
anything,4,0,0,0,0,0
disrespect,4,0,0,0,0,0
week,4,0,0,0,0,0
shackles,4,0,0,0,0,0
warm,4,0,0,0,0,0
prick,4,0,0,0,0,0
lyrics,4,0,0,0,0,0
fail,4,0,0,0,0,0
gold,4,0,0,0,0,0
while,4,0,0,0,0,0
plus,4,0,0,0,0,0
poppin,4,0,0,0,0,0
party,4,0,0,0,0,0
keeps,4,0,0,0,0,0
stick,4,0,0,0,1,0
slow,4,0,0,0,0,0
needed,4,0,0,0,0,0
mouth,4,0,0,0,0,0
bread,4,1,0,0,0,0
dadum,4,0,0,0,0,0
sex,4,0,0,0,0,0
changed,4,0,0,0,0,0
freezing,4,0,0,0,0,0
joke,4,0,0,0,0,0
putting,4,0,0,0,0,0
bottle,4,0,0,0,0,0
chocolate,4,0,0,0,0,0
comfort,4,0,0,0,0,0
feds,4,0,0,0,0,0
lessons,4,0,0,0,0,0
kinda,4,0,0,0,0,0
lesson,4,0,0,0,0,0
dreamer,4,0,0,0,0,0
disease,4,0,0,0,0,0
many,4,0,0,0,0,0
something,4,0,0,0,0,0
callin,4,0,0,0,0,0
strength,4,0,0,0,0,1
drought,4,0,0,0,0,0
proud,4,0,0,0,0,0
gs,4,0,0,0,0,0
l,4,0,0,0,0,0
cover,4,0,0,0,0,0
another,4,0,0,0,0,0
beat,4,0,0,0,0,0
gets,4,0,0,0,0,0
men,4,0,0,0,0,0
dum,4,0,0,0,0,0
certi,4,0,0,0,0,0
flows,4,0,0,0,0,0
aight,4,0,0,0,0,0
mums,4,0,0,0,0,0
finally,4,0,0,0,0,0
weak,4,0,0,0,0,0
slide,4,0,0,0,1,0
praying,4,0,0,0,0,0
harrassin,3,0,0,0,0,0
clashin,3,0,0,0,0,0
net,3,0,0,0,0,0
forward,3,0,0,0,0,0
anytime,3,0,0,0,0,0
pussyholes,3,0,0,0,0,0
means,3,0,0,0,0,0
floodin,3,0,0,0,0,0
rich,3,0,0,0,0,0
believed,3,0,0,0,0,0
mics,3,0,0,0,0,0
gas,3,0,0,1,0,0
focus,3,0,0,0,0,1
stayed,3,0,0,0,0,0
heat,3,0,0,0,1,0
veins,3,0,0,0,0,0
mix,3,0,0,0,0,0
stops,3,0,0,0,0,0
pagans,3,0,0,0,0,0
juice,3,0,0,1,0,0
shoutout,3,0,0,0,0,0
mobo,3,0,0,0,0,0
rollin,3,0,0,0,0,0
mom,3,0,0,0,0,0
drink,3,0,0,0,0,0
mother,3,0,0,0,0,0
release,3,0,0,0,0,0
sauce,3,0,0,0,0,0
lovin,3,0,0,0,0,0
cup,3,0,0,0,0,0
nuts,3,0,0,0,0,0
clean,3,0,0,0,0,0
fifty,3,0,0,0,0,0
de,3,0,0,0,0,0
dior,3,0,0,0,0,0
waist,3,0,0,0,0,0
return,3,0,0,0,0,0
beg,3,0,0,0,0,0
wash,3,0,0,0,0,0
pink,3,0,0,0,0,0
tweets,3,0,0,0,0,0
learn,3,0,0,0,0,0
lick,3,0,0,0,1,0
neeks,3,0,0,0,0,0
ashy,3,0,0,0,0,0
depression,3,0,0,0,0,0
sit,3,0,0,0,0,0
met,3,0,0,0,0,0
morning,3,0,0,0,0,0
colour,3,0,0,0,0,0
mission,3,0,0,0,0,0
key,3,0,0,0,0,0
bullet,3,0,0,0,0,0
ash,3,0,0,0,0,0
disappear,3,0,0,0,0,0
nearly,3,0,0,0,0,0
tour,3,0,0,0,0,0
needs,3,0,0,0,0,0
least,3,0,0,0,0,0
few,3,0,0,0,0,0
pack,3,0,0,1,0,0
scars,3,0,0,0,0,0
sell,3,0,0,0,0,0
looks,3,0,0,0,0,0
feed,3,0,0,0,0,0
bars,3,0,0,1,0,0
doesn,3,0,0,0,0,0
dot,3,0,0,0,0,0
christ,3,0,0,0,0,0
text,3,0,0,0,0,0
add,3,0,0,0,0,0
twice,3,0,0,0,0,0
showin,3,0,0,0,0,0
milli,3,0,0,0,0,0
flowin,3,0,0,0,0,0
due,3,0,0,0,0,0
wind,3,0,0,0,0,0
floatin,3,0,0,0,0,0
dumb,3,0,0,0,0,0
mile,3,0,0,0,0,0
fallin,3,0,0,0,0,0
push,3,0,0,0,0,0
u,3,0,0,0,0,0
fully,3,0,0,0,0,0
ashamed,3,0,0,0,0,0
cried,3,0,0,0,0,0
album,3,0,0,0,0,0
fears,3,0,0,0,0,0
clothes,3,0,0,0,0,0
bill,3,1,0,0,0,0
mma,3,0,0,0,0,0
bet,3,0,0,0,0,0
reckless,3,0,0,0,0,0
mumsy,3,0,0,0,0,0
haven,3,0,0,0,0,0
mainstream,3,0,0,0,0,0
bus,3,0,0,0,0,0
searchin,3,0,0,0,0,0
charts,3,0,0,0,0,0
boris,3,0,0,0,0,0
picture,3,0,0,0,0,0
nowadays,3,0,0,0,0,0
pissed,3,0,0,0,0,0
youth,3,0,0,0,0,0
unforgiving,3,0,0,0,0,0
target,3,0,0,0,0,0
plaques,3,0,0,0,0,0
quarter,3,0,0,0,0,0
shame,3,0,0,0,0,0
ky,3,0,0,0,0,0
bored,3,0,0,0,0,0
silver,3,0,0,0,0,0
finna,3,0,0,0,0,0
weed,3,0,0,1,0,0
style,3,0,0,0,0,0
jacket,3,0,0,0,0,0
stacks,3,1,0,0,0,0
pricks,3,0,0,0,0,0
everyone,3,0,0,0,0,0
babe,3,0,1,0,0,0
starts,3,0,0,0,0,0
sign,3,0,0,0,0,0
lower,3,0,0,0,0,0
aye,3,0,0,0,0,0
says,3,0,0,0,0,0
bullshit,3,0,0,0,0,0
pause,3,0,0,0,0,0
titch,3,0,0,0,0,0
lies,3,0,0,0,0,0
bear,3,0,0,0,0,0
star,3,0,0,0,0,0
scare,3,0,0,0,0,0
chips,3,1,0,0,0,0
short,3,0,0,0,0,0
prove,3,0,0,0,0,0
standin,3,0,0,0,0,0
tracks,3,0,0,0,0,0
stiff,3,0,0,0,0,0
rebel,3,0,0,0,0,0
someone,3,0,0,0,0,0
comes,3,0,0,0,0,0
facts,3,0,0,0,0,0
killing,3,0,0,0,0,0
keys,3,0,0,0,0,0
champagne,3,0,0,0,0,0
figured,3,0,0,0,0,0
died,3,0,0,0,0,0
shank,3,0,0,0,1,0
knife,3,0,0,0,0,0
funny,3,0,0,0,0,0
heaven,3,0,0,0,0,0
matter,3,0,0,0,0,0
hype,3,0,0,0,0,0
tings,3,0,0,0,0,0
sight,3,0,0,0,0,0
dave,3,0,0,0,0,0
zoot,3,0,0,0,0,0
roads,3,0,0,0,0,0
jehovah,3,0,0,0,0,0
sayin,3,0,0,0,0,0
track,3,0,0,0,0,0
wasn,3,0,0,0,0,0
snow,3,0,0,1,0,0
health,3,0,0,0,0,0
shelf,3,0,0,0,0,0
shoutin,3,0,0,0,0,0
fathom,3,0,0,0,0,0
brits,3,0,0,0,0,0
breath,3,0,0,0,0,0
brain,3,0,0,0,0,0
draw,3,0,0,0,0,0
wasteman,3,0,0,0,0,0
knees,3,0,0,0,0,0
story,3,0,0,0,0,0
type,3,0,0,0,0,0
brick,3,0,0,0,0,0
learnt,3,0,0,0,0,0
team,3,0,0,0,0,0
attack,3,0,0,0,0,0
reason,3,0,0,0,0,0
soon,3,0,0,0,0,0
dog,3,0,0,0,0,0
rack,3,1,0,0,0,0
youngers,3,0,0,0,0,0
woke,3,0,0,0,0,0
lane,3,0,0,0,0,0
feelin,3,0,0,0,0,0
awards,3,0,0,0,0,0
chance,3,0,0,0,0,0
palm,3,0,0,0,0,0
control,3,0,0,0,0,0
cannot,3,0,0,0,0,0
slut,3,0,1,0,0,0
blue,3,0,0,0,0,0
tunes,3,0,0,0,0,0
statement,3,0,0,0,0,0
problem,3,0,0,0,0,0
invest,3,0,0,0,0,0
dey,3,0,0,0,0,0
tough,3,0,0,0,0,0
chill,3,0,0,0,0,0
worm,3,0,0,0,0,0
biggest,3,0,0,0,0,0
minor,3,0,0,0,0,0
laughing,3,0,0,0,0,0
y,3,0,0,0,0,0
chains,3,0,0,0,0,0
hell,3,0,0,0,0,0
lift,3,0,0,0,0,0
clash,3,0,0,0,0,0
shook,3,0,0,0,0,0
stuff,3,0,0,0,0,0
scene,3,0,0,0,0,0
hook,3,0,0,0,0,0
sing,3,0,0,0,0,0
wavy,3,0,0,0,0,0
chrome,3,0,0,0,0,0
switch,3,0,0,0,0,0
stabbed,3,0,0,0,0,0
beats,3,0,0,0,0,0
chose,3,0,0,0,0,0
brr,2,0,0,0,0,0
wants,2,0,0,0,0,0
tucked,2,0,0,0,0,0
dons,2,0,0,0,0,0
slip,2,0,0,0,0,0
chillin,2,0,0,0,0,0
helped,2,0,0,0,0,0
mode,2,0,0,0,0,0
banged,2,0,0,0,0,0
impression,2,0,0,0,0,0
al,2,0,0,0,0,0
amen,2,0,0,0,0,0
intervention,2,0,0,0,0,0
path,2,0,0,0,0,0
tape,2,0,0,0,0,0
hurting,2,0,0,0,0,0
dness,2,0,0,0,0,0
somewhere,2,0,0,0,0,0
dues,2,0,0,0,0,0
smooth,2,0,0,0,0,0
rappers,2,0,0,0,0,0
wear,2,0,0,0,0,0
sweeps,2,0,0,0,0,0
cope,2,0,0,0,0,0
tears,2,0,0,0,0,0
sitting,2,0,0,0,0,0
aw,2,0,0,0,0,0
bowlin,2,0,0,0,0,0
bite,2,0,0,0,0,0
rat,2,0,0,0,1,0
begin,2,0,0,0,0,0
art,2,0,0,0,0,0
dying,2,0,0,0,0,0
noise,2,0,0,0,0,0
expensive,2,0,0,0,0,0
jones,2,0,0,0,0,0
choice,2,0,0,0,0,0
bugged,2,0,0,0,0,0
goose,2,0,0,0,0,0
job,2,0,0,0,0,0
bam,2,0,0,0,0,0
middle,2,0,0,0,0,0
stack,2,1,0,0,0,0
arse,2,0,0,0,0,0
brit,2,0,0,0,0,0
shades,2,0,0,0,0,0
zonin,2,0,0,0,0,0
hearing,2,0,0,0,0,0
te,2,0,0,0,0,0
legends,2,0,0,0,0,0
pound,2,0,0,0,0,0
charted,2,0,0,0,0,0
washed,2,0,0,0,0,0
raring,2,0,0,0,0,0
walking,2,0,0,0,0,0
ogs,2,0,0,0,0,0
shake,2,0,0,0,0,0
boom,2,0,0,0,0,0
kissed,2,0,0,0,0,0
search,2,0,0,0,0,0
acting,2,0,0,0,0,0
teeth,2,0,0,0,0,0
bark,2,0,0,0,0,0
lining,2,0,0,0,0,0
split,2,0,0,0,0,0
anti,2,0,0,0,0,0
swift,2,0,0,0,0,0
follow,2,0,0,0,0,0
bike,2,0,0,0,0,0
dragons,2,0,0,0,0,0
repeat,2,0,0,0,0,0
sweet,2,0,0,0,0,0
dude,2,0,0,0,0,0
anybody,2,0,0,0,0,0
lack,2,0,0,0,0,0
iyt,2,0,0,0,0,0
loves,2,0,0,0,0,0
sky,2,0,0,0,0,0
humble,2,0,0,0,0,1
fourteen,2,0,0,0,0,0
penny,2,0,0,0,0,0
half,2,0,0,0,0,0
p,2,0,0,0,0,0
boo,2,0,1,0,0,0
bottom,2,0,0,0,0,0
sued,2,0,0,0,0,0
eye,2,0,0,0,0,0
queens,2,0,0,0,0,0
held,2,0,0,0,0,0
bones,2,1,0,0,0,0
overlookin,2,0,0,0,0,0
book,2,0,0,0,0,0
none,2,0,0,0,0,0
brave,2,0,0,0,0,0
settle,2,0,0,0,0,0
sober,2,0,0,0,0,0
slew,2,0,0,0,0,0
mac,2,0,0,0,1,0
throw,2,0,0,0,0,0
tens,2,0,0,0,0,0
twenties,2,0,0,0,0,0
sip,2,0,0,0,0,0
toke,2,0,0,0,0,0
flexin,2,0,0,0,0,0
test,2,0,0,0,0,0
sexy,2,0,0,0,0,0
tune,2,0,0,0,0,0
designed,2,0,0,0,0,0
major,2,0,0,0,0,0
ago,2,0,0,0,0,0
wiley,2,0,0,0,0,0
krept,2,0,0,0,0,0
lil,2,0,0,0,0,0
swerve,2,0,0,0,0,0
west,2,0,0,0,0,0
grew,2,0,0,0,0,0
swingin,2,0,0,0,0,0
stood,2,0,0,0,0,0
creps,2,0,0,0,0,0
tuck,2,0,0,0,0,0
scores,2,0,0,0,0,0
red,2,0,0,0,0,0
postcode,2,0,0,0,0,0
cells,2,0,0,0,0,0
baddin,2,0,0,0,0,0
fake,2,0,0,0,0,0
signs,2,0,0,0,0,0
goat,2,0,0,0,0,0
raise,2,0,0,0,0,1
toast,2,0,0,0,0,0
bangers,2,0,0,0,0,0
problems,2,0,0,0,0,0
tours,2,0,0,0,0,0
rapping,2,0,0,0,0,0
doors,2,0,0,0,0,0
lit,2,0,0,0,0,0
strip,2,0,0,0,0,0
bitter,2,0,0,0,0,0
drug,2,0,0,0,0,0
drugs,2,0,0,0,0,0
purse,2,0,0,0,0,0
church,2,0,0,0,0,0
crime,2,0,0,0,0,0
blessing,2,0,0,0,0,0
repping,2,0,0,0,0,0
lifeline,2,0,0,0,0,0
mikey,2,0,0,0,0,0
mirror,2,0,0,0,0,0
chicks,2,0,0,0,0,0
shorts,2,0,0,0,0,0
vision,2,0,0,0,0,0
rider,2,0,0,0,0,0
henny,2,0,0,0,0,0
kitchen,2,0,0,0,0,0
ghetto,2,0,0,0,0,0
foul,2,0,0,0,0,0
banging,2,0,0,0,0,0
nephew,2,0,0,0,0,0
stanaman,2,0,0,0,0,0
maya,2,0,0,0,0,0
everyting,2,0,0,0,0,0
fling,2,0,0,0,0,0
testin,2,0,0,0,0,0
living,2,0,0,0,0,0
rhymes,2,0,0,0,0,0
chuck,2,0,0,0,0,0
norris,2,0,0,0,0,0
movie,2,0,0,0,0,0
label,2,0,0,0,0,0
boss,2,0,0,0,0,0
chick,2,0,1,0,0,0
hublot,2,0,0,0,0,0
nananana,2,0,0,0,0,0
stressed,2,0,0,0,0,0
dads,2,0,0,0,0,0
uber,2,0,0,0,0,0
distance,2,0,0,0,0,0
keeping,2,0,0,0,0,0
fool,2,0,0,0,0,0
til,2,0,0,0,0,0
rush,2,0,0,0,0,0
rope,2,0,0,0,0,0
ghanaian,2,0,0,0,0,0
pad,2,0,0,0,0,0
growing,2,0,0,0,0,0
cabs,2,0,0,0,0,0
bound,2,0,0,0,0,0
peng,2,0,0,0,0,0
land,2,0,0,0,0,0
hello,2,0,0,0,0,0
anthem,2,0,0,0,0,0
ight,2,0,0,0,0,0
steeze,2,0,0,0,0,0
greaze,2,0,0,0,0,0
books,2,0,0,0,0,0
buyin,2,0,0,0,0,0
fools,2,0,0,0,0,0
fade,2,0,0,0,0,0
sure,2,0,0,0,0,0
normal,2,0,0,0,0,0
genre,2,0,0,0,0,0
hungry,2,0,0,0,0,0
lover,2,0,0,0,0,0
ends,2,1,0,0,0,0
beard,2,0,0,0,0,0
rolling,2,0,0,0,0,0
vids,2,0,0,0,0,0
pree,2,0,0,0,0,0
country,2,0,0,0,0,0
greatest,2,0,0,0,0,0
opinion,2,0,0,0,0,0
hater,2,0,0,0,0,0
hahaha,2,0,0,0,0,0
actually,2,0,0,0,0,0
age,2,0,0,0,0,0
roots,2,0,0,0,0,0
duty,2,0,0,0,0,0
beauty,2,0,0,0,0,0
everywhere,2,0,0,0,0,0
seriously,2,0,0,0,0,0
flavour,2,0,0,0,0,0
crud,2,0,0,0,0,0
sending,2,0,0,0,0,0
shouldn,2,0,0,0,0,0
sacrifice,2,0,0,0,0,0
revenge,2,0,0,0,0,0
crucifix,2,0,0,0,0,0
ice,2,0,0,1,0,0
rah,2,0,0,0,0,0
prof,2,0,0,0,0,0
listening,2,0,0,0,0,0
fun,2,0,0,0,0,0
meeks,2,0,0,0,0,0
radio,2,0,0,0,0,0
wishin,2,0,0,0,0,0
flop,2,0,0,0,0,0
manny,2,0,0,0,0,0
gear,2,0,0,0,0,0
plane,2,0,0,0,0,0
flight,2,0,0,0,0,0
clue,2,0,0,0,0,0
grown,2,0,0,0,0,0
pulled,2,0,0,0,0,0
air,2,0,0,0,0,0
scatter,2,0,0,0,0,0
write,2,0,0,0,0,0
kiss,2,0,0,0,0,0
town,2,0,0,0,0,0
wi,2,0,0,0,0,0
army,2,0,0,0,0,0
salutes,2,0,0,0,0,0
dickheads,2,0,0,0,0,0
flip,2,0,0,0,0,0
tells,2,0,0,0,0,0
whispers,2,0,0,0,0,0
pengtings,2,0,0,0,0,0
truck,2,0,0,0,0,0
woulda,2,0,0,0,0,0
reminisce,2,0,0,0,0,0
spend,2,0,0,0,0,0
adele,2,0,0,0,0,0
floor,2,0,0,0,0,0
spent,2,0,0,0,0,0
rucksack,2,0,0,0,0,0
bleed,2,0,0,0,0,0
pretend,2,0,0,0,0,0
ohh,2,0,0,0,0,0
fooled,2,0,0,0,0,0
heading,2,0,0,0,0,0
stripes,2,0,0,0,0,0
satan,2,0,0,0,0,0
credit,2,0,0,0,0,0
desire,2,0,0,0,0,0
candles,2,0,0,0,0,0
vest,2,0,0,0,0,0
wraith,2,0,0,0,0,0
homage,2,0,0,0,0,0
weeks,2,0,0,0,0,0
bible,2,0,0,0,0,0
talented,2,0,0,0,0,0
price,2,0,0,0,0,0
culture,2,0,0,0,0,0
listened,2,0,0,0,0,0
great,2,0,0,0,0,0
mountains,2,0,0,0,0,0
rhythm,2,0,0,0,0,0
rules,2,0,0,0,0,0
giggs,2,0,0,0,0,0
beautiful,2,0,0,0,0,0
sister,2,0,1,0,0,0
sabotage,2,0,0,0,0,0
glow,2,0,0,0,0,1
bright,2,0,0,0,0,1
afraid,2,0,0,0,0,0
longer,2,0,0,0,0,0
position,2,0,0,0,0,0
although,2,0,0,0,0,0
purpose,2,0,0,0,0,0
profit,2,0,0,0,0,0
pieces,2,0,0,0,0,0
harry,2,0,0,0,0,0
missing,2,0,0,0,0,0
surrounded,2,0,0,0,0,0
walked,2,0,0,0,0,0
nation,2,0,0,0,0,0
carry,2,0,0,0,0,0
reparations,2,0,0,0,0,0
tellin,2,0,0,0,0,0
edge,2,0,0,0,0,0
flaws,2,0,0,0,0,0
gram,2,0,0,0,0,0
dirty,2,0,0,0,0,0
trap,2,0,0,0,1,0
thrill,2,0,0,0,0,0
skilled,2,0,0,0,0,0
private,2,0,0,0,0,0
whips,2,0,0,0,0,0
grace,2,0,0,0,0,0
flames,2,0,0,0,0,0
beding,2,0,0,0,0,0
field,2,0,0,0,0,0
bluff,2,0,0,0,0,0
today,2,0,0,0,0,0
hole,2,0,0,0,0,0
birds,2,0,0,0,0,0
disaster,2,0,0,0,0,0
losin,2,0,0,0,0,0
bruises,2,0,0,0,0,0
friend,2,0,0,0,0,0
patience,2,0,0,0,0,0
since,2,0,0,0,0,0
overdue,2,0,0,0,0,0
joy,2,0,0,0,0,0
form,2,0,0,0,0,0
cross,2,0,0,0,0,0
shoulders,2,0,0,0,0,0
ahead,2,0,0,0,0,0
dad,2,0,0,0,0,0
smith,2,0,0,0,0,0
paint,2,0,0,0,0,0
doubt,2,0,0,0,0,0
lived,2,0,0,0,0,0
hang,2,0,0,0,0,0
sis,2,0,0,0,0,0
careful,2,0,0,0,0,0
yutes,2,0,0,0,0,0
dice,2,0,0,0,0,0
rob,2,0,0,0,0,0
flicks,2,0,0,0,0,0
holler,2,0,0,0,0,0
cheese,2,1,0,0,0,0
court,2,0,0,0,0,0
mmm,2,0,0,0,0,0
bein,2,0,0,0,0,0
silly,2,0,0,0,0,0
provider,2,0,0,0,0,0
sellin,2,0,0,0,0,0
opp,2,0,0,0,0,0
kettles,2,0,0,0,0,0
banksy,2,0,0,0,0,0
lines,2,0,0,0,0,0
once,2,0,0,0,0,0
jewels,2,0,0,0,0,0
history,2,0,0,0,0,0
leg,2,0,0,0,0,0
darker,2,0,0,0,0,0
nose,2,0,0,0,0,0
regrets,2,0,0,0,0,0
bottles,2,0,0,0,0,0
threats,2,0,0,0,0,0
goin,2,0,0,0,0,0
respect,2,0,0,0,0,0
numbers,2,0,0,0,0,0
future,2,0,0,0,0,1
miss,2,0,1,0,0,0
jet,2,0,0,0,0,0
patek,2,0,0,0,0,0
sea,2,0,0,0,0,0
percent,2,0,0,0,0,0
greats,2,0,0,0,0,0
sunday,2,0,0,0,0,0
prefer,2,0,0,0,0,0
third,2,0,0,0,0,0
serve,2,0,0,0,0,0
serena,2,0,0,0,0,0
trophies,2,0,0,0,0,0
angel,2,0,1,0,0,0
miracle,2,0,0,0,0,0
burnin,2,0,0,0,0,0
table,2,0,0,0,0,0
lights,2,0,0,0,0,0
somethin,2,0,0,0,0,0
megan,2,0,0,0,0,0
flawed,2,0,0,0,0,0
spare,2,0,0,0,0,0
point,2,0,0,0,0,0
dies,2,0,0,0,0,0
wedding,2,0,0,0,0,0
happen,2,0,0,0,0,0
knowledge,2,0,0,0,0,0
single,2,0,0,0,0,0
lungs,2,0,0,0,0,0
cough,2,0,0,0,0,0
suit,2,0,0,0,0,0
hurt,2,0,0,0,0,0
learned,2,0,0,0,0,0
chicken,2,0,0,0,0,0
laid,2,0,0,0,0,0
era,2,0,0,0,0,0
box,2,0,0,0,0,0
glastonbury,2,0,0,0,0,0
startin,2,0,0,0,0,0
guns,2,0,0,0,0,0
karma,2,0,0,0,0,0
death,2,0,0,0,0,0
crowbar,1,0,0,0,0,0
spliffs,1,0,0,0,0,0
kaluuya,1,0,0,0,0,0
buffalo,1,0,0,0,0,0
pipe,1,0,0,0,0,0
pronounce,1,0,0,0,0,0
stance,1,0,0,0,0,0
drops,1,0,0,0,0,0
orange,1,0,0,0,0,0
neneh,1,0,0,0,0,0
clique,1,0,0,0,0,0
pot,1,0,0,0,0,0
meat,1,0,0,0,0,0
steal,1,0,0,0,0,0
suddenly,1,0,0,0,0,0
boombox,1,0,0,0,0,0
cherry,1,0,0,0,0,0
dress,1,0,0,0,0,0
boondocks,1,0,0,0,0,0
dan,1,0,0,0,0,0
hallelujah,1,0,0,0,0,0
evaporate,1,0,0,0,0,0
commit,1,0,0,0,0,0
guitar,1,0,0,0,0,0
kanye,1,0,0,0,0,0
qatar,1,0,0,0,0,0
mixed,1,0,0,0,0,0
frightening,1,0,0,0,0,0
donny,1,0,0,0,0,0
random,1,0,0,0,0,0
bar,1,0,0,0,0,0
ing,1,0,0,0,0,0
mek,1,0,0,0,0,0
hathaway,1,0,0,0,0,0
pipeline,1,0,0,0,0,0
sideline,1,0,0,0,0,0
dargs,1,0,0,0,0,0
saturday,1,0,0,0,0,0
praisin,1,0,0,0,0,0
singing,1,0,0,0,0,0
lightning,1,0,0,0,0,0
snakes,1,0,0,0,0,0
shoebox,1,0,0,0,0,0
scrap,1,0,0,0,0,0
ford,1,0,0,0,0,0
socks,1,0,0,0,0,0
jerry,1,0,0,0,0,0
buried,1,0,0,0,0,0
easily,1,0,0,0,0,0
boxed,1,0,0,0,0,0
capone,1,0,0,0,0,0
fuckries,1,0,0,0,0,0
moncler,1,0,0,0,0,0
tom,1,0,0,0,0,0
cigarette,1,0,0,0,0,0
weirdos,1,0,0,0,0,0
silent,1,0,0,0,0,0
kicks,1,0,0,0,0,0
trey,1,0,0,0,0,0
dazs,1,0,0,0,0,0
clown,1,0,0,0,0,0
pleased,1,0,0,0,0,0
ben,1,0,0,0,0,0
shoulder,1,0,0,0,0,0
slims,1,0,0,0,0,0
gallery,1,0,0,0,0,0
large,1,0,0,0,0,0
academy,1,0,0,0,0,0
valerie,1,0,0,0,0,0
perry,1,0,0,0,0,0
amy,1,0,0,0,0,0
kevin,1,0,0,0,0,0
salary,1,0,0,0,0,0
blew,1,0,0,0,0,0
bootcut,1,0,0,0,0,0
covering,1,0,0,0,0,0
idiot,1,0,0,0,0,0
bets,1,0,0,0,0,0
grass,1,0,0,1,0,0
states,1,0,0,0,0,0
telly,1,0,0,0,0,0
badboy,1,0,0,0,0,0
group,1,0,0,0,0,0
remind,1,0,0,0,0,0
smart,1,0,0,0,0,0
ith,1,0,0,0,0,0
fruity,1,0,0,0,0,0
cappin,1,0,0,0,0,0
lifetime,1,0,0,0,0,0
ck,1,0,0,0,0,0
guap,1,1,0,0,0,0
dj,1,0,0,0,0,0
tread,1,0,0,0,0,0
decay,1,0,0,0,0,0
girlfriend,1,0,0,0,0,0
briefcase,1,0,0,0,0,0
pj,1,0,0,0,0,0
clued,1,0,0,0,0,0
pledge,1,0,0,0,0,0
apartment,1,0,0,0,0,0
address,1,0,0,0,0,0
sharks,1,0,0,0,0,0
person,1,0,0,0,0,0
clearing,1,0,0,0,0,0
occasions,1,0,0,0,0,0
brap,1,0,0,0,0,0
machine,1,0,0,0,0,0
roulette,1,0,0,0,0,0
betting,1,0,0,0,0,0
underground,1,0,0,0,0,0
parking,1,0,0,0,0,0
souls,1,0,0,0,0,0
idols,1,0,0,0,0,0
rattle,1,0,0,0,0,0
kat,1,0,0,0,0,0
kit,1,0,0,0,0,0
doubles,1,0,0,0,0,0
giffgaff,1,0,0,0,0,0
iphone,1,0,0,0,0,0
buts,1,0,0,0,0,0
ridge,1,0,0,0,0,0
viral,1,0,0,0,0,0
spray,1,0,0,0,0,0
fob,1,0,0,0,0,0
spar,1,0,0,0,0,0
ghana,1,0,0,0,0,0
scarred,1,0,0,0,0,0
tribal,1,0,0,0,0,0
skies,1,0,0,0,0,0
styles,1,0,0,0,0,0
site,1,0,0,0,0,0
iv,1,0,0,0,0,0
cheques,1,0,0,0,0,0
step,1,0,0,0,0,0
expect,1,0,0,0,0,0
mark,1,0,0,0,0,0
ears,1,0,0,0,0,0
imported,1,0,0,0,0,0
defense,1,0,0,0,0,0
nosedivin,1,0,0,0,0,0
bale,1,0,0,0,0,0
offends,1,0,0,0,0,0
dissed,1,0,0,0,0,0
yacht,1,0,0,0,0,0
bearing,1,0,0,0,0,0
blah,1,0,0,0,0,0
blicky,1,0,0,0,1,0
shooter,1,0,0,0,1,0
sets,1,0,0,0,0,0
centerpiece,1,0,0,0,0,0
chopper,1,0,0,0,0,0
smack,1,0,0,1,0,0
respects,1,0,0,0,0,0
pretends,1,0,0,0,0,0
playground,1,0,0,0,0,0
difference,1,0,0,0,0,0
buck,1,1,0,0,0,0
sorted,1,0,0,0,0,0
beach,1,0,0,0,0,0
shed,1,0,0,0,0,0
mixtape,1,0,0,0,0,0
overslept,1,0,0,0,0,0
become,1,0,0,0,0,0
elliott,1,0,0,0,0,0
phones,1,0,0,0,0,0
robbing,1,0,0,0,0,0
ways,1,0,0,0,0,0
matthew,1,0,0,0,0,0
sword,1,0,0,0,0,0
carrier,1,0,0,0,0,0
clause,1,0,0,0,0,0
awkward,1,0,0,0,0,0
buyout,1,0,0,0,0,0
stats,1,0,0,0,0,0
bites,1,0,0,0,0,0
wire,1,0,0,0,0,0
gives,1,0,0,0,0,0
ups,1,0,0,0,0,0
corporates,1,0,0,0,0,0
christmas,1,0,0,0,0,0
lots,1,0,0,0,0,0
wagon,1,0,0,0,0,0
liver,1,0,0,0,0,0
dancin,1,0,0,0,0,0
fizzle,1,0,0,0,0,0
hopin,1,0,0,0,0,0
barfest,1,0,0,0,0,0
bumpin,1,0,0,0,0,0
victim,1,0,0,0,0,0
harmless,1,0,0,0,0,0
regardless,1,0,0,0,0,0
carless,1,0,0,0,0,0
plannin,1,0,0,0,0,0
vid,1,0,0,0,0,0
baited,1,0,0,0,0,0
breathing,1,0,0,0,0,0
nerves,1,0,0,0,0,0
coldest,1,0,0,0,0,0
burning,1,0,0,0,0,0
prayers,1,0,0,0,0,0
gunning,1,0,0,0,0,0
bone,1,0,0,0,0,0
coloured,1,0,0,0,0,0
whoa,1,0,0,0,0,0
twenty,1,0,0,0,0,0
darcus,1,0,0,0,0,0
hardest,1,0,0,0,0,0
nightclubs,1,0,0,0,0,0
bugging,1,0,0,0,0,0
breezing,1,0,0,0,0,0
filet,1,0,0,0,0,0
neasden,1,0,0,0,0,0
wheel,1,0,0,0,0,0
datin,1,0,0,0,0,0
hatin,1,0,0,0,0,0
squeezing,1,0,0,0,0,0
mout,1,0,0,0,0,0
waitin,1,0,0,0,0,0
drip,1,0,0,0,0,0
dreaming,1,0,0,0,0,0
cosign,1,0,0,0,0,0
showtime,1,0,0,0,0,0
stunt,1,0,0,0,0,0
tight,1,0,0,0,0,0
pump,1,0,0,0,0,0
crow,1,0,0,0,0,0
bleeding,1,0,0,0,0,0
walls,1,0,0,0,0,0
wake,1,0,0,0,0,0
riots,1,0,0,0,0,0
dstrkt,1,0,0,0,0,0
holding,1,0,0,0,0,0
crabs,1,0,0,0,0,0
recession,1,0,0,0,0,0
pies,1,0,0,0,0,0
loyal,1,0,0,0,0,0
slice,1,0,0,0,0,0
worst,1,0,0,0,0,0
motherfucker,1,0,0,0,0,0
worryin,1,0,0,0,0,0
wars,1,0,0,0,0,0
disgraceful,1,0,0,0,0,0
poor,1,0,0,0,0,0
ate,1,0,0,0,0,0
bucket,1,0,0,0,0,0
swore,1,0,0,0,0,0
overstand,1,0,0,0,0,0
takes,1,0,0,0,0,0
appalled,1,0,0,0,0,0
begging,1,0,0,0,0,0
convos,1,0,0,0,0,0
embarrassing,1,0,0,0,0,0
rapport,1,0,0,0,0,0
hearse,1,0,0,0,0,0
scrolling,1,0,0,0,0,0
repay,1,0,0,0,0,0
eyesight,1,0,0,0,0,0
westend,1,0,0,0,0,0
stable,1,0,0,0,0,0
presidents,1,0,0,0,0,0
bah,1,0,0,0,0,0
jacky,1,0,0,0,0,0
killers,1,0,0,0,0,0
nough,1,0,0,0,0,0
front,1,0,0,0,0,0
sly,1,0,0,0,0,0
beams,1,0,0,0,0,0
fallen,1,0,0,0,0,0
halo,1,0,0,0,0,0
limelight,1,0,0,0,0,0
bank,1,1,0,0,0,0
richard,1,0,0,0,0,0
ill,1,0,0,0,0,0
advised,1,0,0,0,0,0
lbc,1,0,0,0,0,0
madness,1,0,0,0,0,0
wise,1,0,0,0,0,0
dropped,1,0,0,0,0,0
awful,1,0,0,0,0,0
minute,1,0,0,0,0,0
panther,1,0,0,0,0,0
eventually,1,0,0,0,0,0
sensitive,1,0,0,0,0,0
applause,1,0,0,0,0,0
trife,1,0,0,0,0,0
drillers,1,0,0,0,0,0
paying,1,0,0,0,0,0
cons,1,0,0,0,0,0
payed,1,0,0,0,0,0
vine,1,0,0,0,0,0
swag,1,0,0,0,0,0
fold,1,0,0,0,1,0
banter,1,0,0,0,0,0
z,1,0,0,0,0,0
anymore,1,0,0,0,0,0
hoped,1,0,0,0,0,0
safe,1,0,0,0,0,0
fuckboy,1,0,0,0,0,0
mortgage,1,0,0,0,0,0
spat,1,0,0,0,0,0
minds,1,0,0,0,0,0
protectin,1,0,0,0,0,0
mask,1,0,0,0,0,0
plans,1,0,0,0,0,0
flick,1,0,0,0,0,0
sleepless,1,0,0,0,0,0
river,1,0,0,0,0,0
wifin,1,0,0,0,0,0
shattering,1,0,0,0,0,0
skibba,1,0,0,0,0,0
affair,1,0,0,0,0,0
midnight,1,0,0,0,0,0
ter,1,0,0,0,0,0
rer,1,0,0,0,0,0
nights,1,0,0,0,0,0
eighteen,1,0,0,0,0,0
square,1,0,0,0,0,0
fist,1,0,0,0,0,0
flights,1,0,0,0,0,0
recall,1,0,0,0,0,0
payback,1,0,0,0,0,0
belly,1,0,0,0,0,0
soulja,1,0,0,0,0,0
convert,1,0,0,0,0,0
afford,1,0,0,0,0,0
imagined,1,0,0,0,0,0
tries,1,0,0,0,0,0
cries,1,0,0,0,0,0
bluffs,1,0,0,0,0,0
sh,1,0,0,0,0,0
fate,1,0,0,0,0,0
wifey,1,0,1,0,0,0
nicely,1,0,0,0,0,0
lively,1,0,0,0,0,0
icy,1,0,0,0,0,0
pricey,1,0,0,0,0,0
crikey,1,0,0,0,0,0
guesses,1,0,0,0,0,0
dust,1,0,0,0,0,0
akh,1,0,0,0,0,0
burner,1,0,0,0,1,0
pussyole,1,0,0,0,0,0
listenin,1,0,0,0,0,0
circles,1,0,0,0,0,0
stressing,1,0,0,0,0,0
riot,1,0,0,0,0,0
johnson,1,0,0,0,0,0
cancel,1,0,0,0,0,0
forty,1,0,0,0,0,0
cousin,1,0,0,0,0,0
effort,1,0,0,0,0,0
havin,1,0,0,0,0,0
suffered,1,0,0,0,0,0
orgasms,1,0,0,0,0,0
contact,1,0,0,0,0,0
trace,1,0,0,0,0,0
combat,1,0,0,0,0,0
cognac,1,0,0,0,0,0
bull,1,0,0,0,0,0
flexing,1,0,0,0,0,0
guest,1,0,0,0,0,0
breakfast,1,0,0,0,0,0
protein,1,0,0,0,0,0
shower,1,0,0,0,0,0
netflix,1,0,0,0,0,0
narcos,1,0,0,0,0,0
electric,1,0,0,0,0,0
accepted,1,0,0,0,0,0
selective,1,0,0,0,0,0
regret,1,0,0,0,0,0
research,1,0,0,0,0,0
grant,1,0,0,0,0,0
hoes,1,0,0,0,0,0
tacs,1,0,0,0,0,0
led,1,0,0,0,0,0
forgave,1,0,0,0,0,0
shoulda,1,0,0,0,0,0
damned,1,0,0,0,0,0
yogi,1,0,0,0,0,0
th,1,0,0,0,0,0
disbelief,1,0,0,0,0,0
ts,1,0,0,0,0,0
heath,1,0,0,0,0,0
corned,1,0,0,0,0,0
caller,1,0,0,0,0,0
letting,1,0,0,0,0,0
strange,1,0,0,0,0,0
dashed,1,0,0,0,0,0
weakness,1,0,0,0,0,0
bees,1,0,0,0,0,0
yack,1,0,0,0,0,0
driving,1,0,0,0,0,0
thrones,1,0,0,0,0,0
stark,1,0,0,0,0,0
ned,1,0,0,0,0,0
roaming,1,0,0,0,0,0
kicked,1,0,0,0,0,0
gracefully,1,0,0,0,0,0
breakin,1,0,0,0,0,0
fact,1,0,0,0,0,0
notes,1,1,0,0,0,0
provide,1,0,0,0,0,0
talks,1,0,0,0,0,0
raving,1,0,0,0,0,0
ranting,1,0,0,0,0,0
wave,1,0,0,0,0,0
growth,1,0,0,0,0,1
grind,1,0,0,0,0,0
raised,1,0,0,0,0,0
tweeted,1,0,0,0,0,0
grabbed,1,0,0,0,0,0
skepta,1,0,0,0,0,0
floods,1,0,0,0,0,0
bentleys,1,0,0,0,0,0
range,1,0,0,0,0,0
porsches,1,0,0,0,0,0
games,1,0,0,0,0,0
findin,1,0,0,0,0,0
quarters,1,0,0,0,0,0
prays,1,0,0,0,0,0
answer,1,0,0,0,0,0
forsaken,1,0,0,0,0,0
duh,1,0,0,0,0,0
imposters,1,0,0,0,0,0
locking,1,0,0,0,0,0
orders,1,0,0,0,0,0
bouncers,1,0,0,0,0,0
cigarettes,1,0,0,0,0,0
pauper,1,0,0,0,0,0
prince,1,0,0,0,0,0
halves,1,0,0,0,0,0
talker,1,0,0,0,0,0
tick,1,0,0,0,0,0
jd,1,0,0,0,0,0
brown,1,0,0,1,0,0
limitations,1,0,0,0,0,0
deathbed,1,0,0,0,0,0
sports,1,0,0,0,0,0
order,1,0,0,0,0,0
corpse,1,0,0,0,0,0
flipper,1,0,0,0,0,0
deepee,1,0,0,0,0,0
merms,1,0,0,0,0,0
finesse,1,0,0,0,1,0
daughters,1,0,0,0,0,0
rizla,1,0,0,0,0,0
airplane,1,0,0,0,0,0
attacked,1,0,0,0,0,0
saved,1,0,0,0,0,0
kelly,1,0,0,0,0,0
rachel,1,0,0,0,0,0
afloat,1,0,0,0,0,0
staying,1,0,0,0,0,0
ps,1,0,0,0,0,0
locked,1,0,0,0,0,0
relaxed,1,0,0,0,0,0
seem,1,0,0,0,0,0
climbing,1,0,0,0,0,0
chip,1,0,0,0,0,0
cos,1,0,0,0,0,0
cab,1,0,0,0,0,0
grave,1,0,0,0,0,0
breaking,1,0,0,0,0,0
operation,1,0,0,0,0,0
speculation,1,0,0,0,0,0
store,1,0,0,0,0,0
renovations,1,0,0,0,0,0
cous,1,0,0,0,0,0
sisters,1,0,0,0,0,0
yards,1,0,0,0,0,0
lying,1,0,0,0,0,0
youtube,1,0,0,0,0,0
options,1,0,0,0,0,0
austin,1,0,0,0,0,0
rock,1,0,0,1,0,0
lexus,1,0,0,0,0,0
marj,1,0,0,0,0,0
extras,1,0,0,0,0,0
vectras,1,0,0,0,0,0
jakes,1,0,0,0,0,0
voodoo,1,0,0,0,0,0
stopped,1,0,0,0,0,0
screw,1,0,0,0,0,0
bluetooth,1,0,0,0,0,0
jokes,1,0,0,0,0,0
connect,1,0,0,0,0,0
choose,1,0,0,0,0,0
spillin,1,0,0,0,0,0
workin,1,0,0,0,0,0
beware,1,0,0,0,0,0
impress,1,0,0,0,0,0
alight,1,0,0,0,0,0
spot,1,0,0,0,0,0
often,1,0,0,0,0,0
elias,1,0,0,0,0,0
div,1,0,0,0,0,0
uni,1,0,0,0,0,0
convoy,1,0,0,0,0,0
tash,1,0,0,0,0,0
jabba,1,0,0,0,0,0
jumped,1,0,0,0,0,0
channel,1,0,0,0,0,0
ak,1,0,0,0,0,0
memory,1,0,0,0,0,0
champ,1,0,0,0,0,0
spit,1,0,0,0,0,0
dishing,1,0,0,0,0,0
avenue,1,0,0,0,0,0
sharing,1,0,0,0,0,0
chasing,1,0,0,0,0,0
myth,1,0,0,0,0,0
blowing,1,0,0,0,0,0
gears,1,0,0,0,0,0
unruly,1,0,0,0,0,0
fifth,1,0,0,0,0,0
area,1,0,0,0,0,0
survive,1,0,0,0,0,0
whack,1,0,0,0,0,0
grinding,1,0,0,0,0,0
ok,1,0,0,0,0,0
zone,1,0,0,0,0,0
peak,1,0,0,0,0,0
baddest,1,0,0,0,0,0
admired,1,0,0,0,0,0
hating,1,0,0,0,0,0
timeless,1,0,0,0,0,0
highness,1,0,0,0,0,0
finest,1,0,0,0,0,0
describe,1,0,0,0,0,0
angry,1,0,0,0,0,0
painful,1,0,0,0,0,0
knuckle,1,0,0,0,0,0
complain,1,0,0,0,0,0
fridge,1,0,0,0,0,0
grafting,1,0,0,0,0,0
overdrafted,1,0,0,0,0,0
account,1,0,0,0,0,0
selfish,1,0,0,0,0,0
relies,1,0,0,0,0,0
brandon,1,0,0,0,0,0
slim,1,0,0,0,0,0
dee,1,0,0,0,0,0
denim,1,0,0,0,0,0
jeans,1,0,0,0,0,0
feather,1,0,0,0,0,0
tush,1,0,0,0,0,0
spin,1,0,0,0,0,0
hurts,1,0,0,0,0,0
wrapped,1,0,0,0,0,0
whirl,1,0,0,0,0,0
favourite,1,0,0,0,0,0
songs,1,0,0,0,0,0
ocean,1,0,0,0,0,0
tank,1,0,0,0,0,0
fuel,1,0,0,0,0,0
frank,1,0,0,0,0,0
coping,1,0,0,0,0,0
choking,1,0,0,0,0,0
hennessy,1,0,0,0,0,0
outshined,1,0,0,0,0,0
energy,1,0,0,0,0,0
aura,1,0,0,0,0,0
sliding,1,0,0,0,0,0
wireless,1,0,0,0,0,0
majors,1,0,0,0,0,0
shaking,1,0,0,0,0,0
rappin,1,0,0,0,0,0
plant,1,0,0,0,0,0
watched,1,0,0,0,0,0
feedback,1,0,0,0,0,0
happened,1,0,0,0,0,0
happens,1,0,0,0,0,0
lemonade,1,0,0,0,0,0
mood,1,0,0,0,0,0
slappin,1,0,0,0,0,0
beans,1,0,0,1,0,0
nabbed,1,0,0,0,0,0
hid,1,0,0,0,0,0
station,1,0,0,0,0,0
thames,1,0,0,0,0,0
runner,1,0,0,0,0,0
bumping,1,0,0,0,0,0
selfie,1,0,0,0,0,0
stolen,1,0,0,0,0,0
bye,1,0,0,0,0,0
lovely,1,0,0,0,0,0
pleasant,1,0,0,0,0,0
reap,1,0,0,0,0,0
thug,1,0,0,0,0,0
israelite,1,0,0,0,0,0
fuckery,1,0,0,0,0,0
cray,1,0,0,0,0,0
vexed,1,0,0,0,0,0
bredrin,1,0,0,0,0,0
class,1,0,0,0,0,0
knives,1,0,0,0,0,0
steps,1,0,0,0,0,0
dressed,1,0,0,0,0,0
picturing,1,0,0,0,0,0
judge,1,0,0,0,0,0
manifest,1,0,0,0,0,0
eejat,1,0,0,0,0,0
schemin,1,0,0,0,0,0
gravy,1,0,0,0,0,0
childhood,1,0,0,0,0,0
spud,1,0,0,0,0,0
bugs,1,0,0,0,0,0
playlist,1,0,0,0,0,0
bailiffs,1,0,0,0,0,0
payslip,1,0,0,0,0,0
shift,1,0,0,0,0,0
mel,1,0,0,0,0,0
teach,1,0,0,0,0,0
upset,1,0,0,0,0,0
killed,1,0,0,0,0,0
thirsty,1,0,0,0,0,0
clarke,1,0,0,0,0,0
noel,1,0,0,0,0,0
comfy,1,0,0,0,0,0
graft,1,0,0,0,0,0
stock,1,0,0,0,0,0
forgotten,1,0,0,0,0,0
yung,1,0,0,0,0,0
fume,1,0,0,0,0,0
snack,1,0,0,0,0,0
kofi,1,0,0,0,0,0
passion,1,0,0,0,0,0
bled,1,0,0,0,0,0
payet,1,0,0,0,0,0
biased,1,0,0,0,0,0
quiet,1,0,0,0,0,0
streams,1,0,0,0,0,0
ed,1,0,0,0,0,0
uzi,1,0,0,0,0,0
tic,1,0,0,0,0,0
pagan,1,0,0,0,0,0
kweiku,1,0,0,0,0,0
sleeping,1,0,0,0,0,0
greens,1,0,0,0,0,0
fashion,1,0,0,0,0,0
sheesh,1,0,0,0,0,0
isis,1,0,0,0,0,0
riddim,1,0,0,0,0,0
stylist,1,0,0,0,0,0
alias,1,0,0,0,0,0
accountant,1,0,0,0,0,0
rung,1,0,0,0,0,0
dipset,1,0,0,0,0,0
mashin,1,0,0,0,0,0
debut,1,0,0,0,0,0
bluffin,1,0,0,0,0,0
wet,1,0,0,0,0,0
eurgh,1,0,0,0,0,0
sucked,1,0,0,0,0,0
fifteen,1,0,0,0,0,0
lightie,1,0,0,0,0,0
trick,1,0,0,0,0,0
collard,1,0,0,0,0,0
bmx,1,0,0,0,0,0
kills,1,0,0,0,0,0
preed,1,0,0,0,0,0
insane,1,0,0,0,0,0
stars,1,0,0,0,0,0
mob,1,0,0,0,1,0
cocky,1,0,0,0,0,0
gyaldem,1,0,1,0,0,0
tugs,1,0,0,0,0,0
bolognese,1,0,0,0,0,0
pics,1,0,0,0,0,0
correlates,1,0,0,0,0,0
onstage,1,0,0,0,0,0
common,1,0,0,0,0,0
mention,1,0,0,0,0,0
rocky,1,0,0,0,0,0
crap,1,0,0,0,0,0
coke,1,0,0,1,0,0
whatever,1,0,0,0,0,0
dogged,1,0,0,0,0,0
smokin,1,0,0,0,0,0
jimmy,1,0,0,0,0,0
ammi,1,0,0,0,0,0
nates,1,0,0,0,0,0
ace,1,0,0,0,0,0
ap,1,0,0,0,0,0
trends,1,0,0,0,0,0
manners,1,0,0,0,0,0
treasure,1,0,0,0,0,0
borrow,1,0,0,0,0,0
panini,1,0,0,0,0,0
fuss,1,0,0,0,0,0
plants,1,0,0,0,0,0
murk,1,0,0,0,0,0
marge,1,0,0,0,0,0
bills,1,0,0,0,0,0
stalking,1,0,0,0,0,0
ex,1,0,0,0,0,0
headline,1,0,0,0,0,0
copy,1,0,0,0,0,0
pouch,1,0,0,0,0,0
badboys,1,0,0,0,0,0
worried,1,0,0,0,0,0
vossy,1,0,0,0,0,0
bailey,1,0,0,0,0,0
callaloo,1,0,0,0,0,0
posse,1,0,0,0,0,0
squaddy,1,0,0,0,0,0
bodies,1,0,0,0,0,0
unanimous,1,0,0,0,0,0
liverpool,1,0,0,0,0,0
leeds,1,0,0,0,0,0
banisters,1,0,0,0,0,0
council,1,0,0,0,0,0
morpheus,1,0,0,0,0,0
therefore,1,0,0,0,0,0
neo,1,0,0,0,0,0
aside,1,0,0,0,0,0
bias,1,0,0,0,0,0
island,1,0,0,0,0,0
basics,1,0,0,0,0,0
riders,1,0,0,0,0,0
serves,1,0,0,0,0,0
sheffield,1,0,0,0,0,0
servin,1,0,0,0,0,0
woken,1,0,0,0,0,0
beefin,1,0,0,0,0,0
pic,1,0,0,0,0,0
post,1,0,0,0,0,0
posted,1,0,0,0,0,0
sleeve,1,0,0,0,0,0
damages,1,0,0,0,0,0
recky,1,0,0,0,0,0
seeing,1,0,0,0,0,0
zeros,1,0,0,0,0,0
hangin,1,0,0,0,0,0
wickedskengman,1,0,0,0,0,0
notts,1,0,0,0,0,0
manchester,1,0,0,0,0,0
brum,1,0,0,0,0,0
certified,1,0,0,0,0,0
million,1,0,0,0,0,0
definitely,1,0,0,0,0,0
ourselves,1,0,0,0,0,0
cloth,1,0,0,0,0,0
obsolete,1,0,0,0,0,0
calibers,1,0,0,0,0,0
digital,1,0,0,0,0,0
skeleton,1,0,0,0,0,0
matchin,1,0,0,0,0,0
managers,1,0,0,0,0,0
fo,1,0,0,0,0,0
touched,1,0,0,0,0,0
recognise,1,0,0,0,0,0
advanced,1,0,0,0,0,0
proper,1,0,0,0,0,0
jumping,1,0,0,0,0,0
overseas,1,0,0,0,0,0
skkkkkrrr,1,0,0,0,0,0
became,1,0,0,0,0,0
realest,1,0,0,0,0,0
eats,1,0,0,0,0,0
gyally,1,0,0,0,0,0
suicidal,1,0,0,0,0,0
police,1,0,0,0,0,0
row,1,0,0,0,0,0
spoke,1,0,0,0,0,0
deepest,1,0,0,0,0,0
secrets,1,0,0,0,0,0
tear,1,0,0,0,0,0
skrrt,1,0,0,0,0,0
militarian,1,0,0,0,0,0
lee,1,0,0,0,0,0
capo,1,0,0,0,0,0
ha,1,0,0,0,0,0
scream,1,0,0,0,0,0
built,1,0,0,0,0,0
tension,1,0,0,0,0,0
pushing,1,0,0,0,0,0
harder,1,0,0,0,0,0
inform,1,0,0,0,0,0
goal,1,0,0,0,0,0
deets,1,0,0,0,0,0
tourin,1,0,0,0,0,0
paranoia,1,0,0,0,0,0
stupid,1,0,0,0,0,0
cars,1,0,0,0,0,0
clientele,1,0,0,0,0,0
riddims,1,0,0,0,0,0
lowest,1,0,0,0,0,0
r,1,0,0,0,0,0
reinvent,1,0,0,0,0,0
rent,1,0,0,0,0,0
defensive,1,0,0,0,0,0
thirties,1,0,0,0,0,0
straw,1,0,0,0,0,0
edl,1,0,0,0,0,0
dork,1,0,0,0,0,0
york,1,0,0,0,0,0
amsterdam,1,0,0,0,0,0
march,1,0,0,0,0,0
documentary,1,0,0,0,0,0
parts,1,0,0,0,0,0
ransom,1,0,0,0,0,0
linked,1,0,0,0,0,0
loneliness,1,0,0,0,0,0
tighter,1,0,0,0,0,0
jamba,1,0,0,0,0,0
kanka,1,0,0,0,0,0
nicotine,1,0,0,0,0,0
ann,1,0,0,0,0,0
glasto,1,0,0,0,0,0
reading,1,0,0,0,0,0
glover,1,0,0,0,0,0
donald,1,0,0,0,0,0
multi,1,0,0,0,0,0
gracing,1,0,0,0,0,0
gq,1,0,0,0,0,0
mister,1,0,0,0,0,0
todos,1,0,0,0,0,0
frente,1,0,0,0,0,0
lacey,1,0,0,0,0,0
representing,1,0,0,0,0,0
handlin,1,0,0,0,0,0
employer,1,0,0,0,0,0
hoya,1,0,0,0,0,0
weight,1,0,0,0,0,0
oscar,1,0,0,0,0,0
boxer,1,0,0,0,0,0
lawyer,1,0,0,0,0,0
doctor,1,0,0,0,0,0
blinded,1,0,0,0,0,0
heals,1,0,0,0,0,0
headin,1,0,0,0,0,0
behead,1,0,0,0,0,0
henry,1,0,0,0,0,0
fuckboys,1,0,0,0,0,0
hide,1,0,0,0,0,0
aka,1,0,0,0,0,0
papa,1,0,0,0,0,0
destroyed,1,0,0,0,0,0
brings,1,0,0,0,0,0
seein,1,0,0,0,0,0
pip,1,0,0,0,0,0
process,1,0,0,0,0,0
crowd,1,0,0,0,0,0
cake,1,1,0,0,0,0
important,1,0,0,0,0,0
poet,1,0,0,0,0,0
saves,1,0,0,0,0,0
horrors,1,0,0,0,0,0
stronger,1,0,0,0,0,0
feedin,1,0,0,0,0,0
hunger,1,0,0,0,0,0
keepin,1,0,0,0,0,0
runneth,1,0,0,0,0,0
shellin,1,0,0,0,0,0
lemons,1,0,0,0,0,0
hustle,1,0,0,0,0,0
tools,1,0,0,0,0,0
lyin,1,0,0,0,0,0
squeeze,1,0,0,0,0,0
creep,1,0,0,0,0,0
bloody,1,0,0,0,0,0
exactly,1,0,0,0,0,0
pm,1,0,0,0,0,0
main,1,0,0,0,0,0
brand,1,0,0,0,0,0
ruining,1,0,0,0,0,0
premonitions,1,0,0,0,0,0
early,1,0,0,0,0,0
outta,1,0,0,0,0,0
recollect,1,0,0,0,0,0
juggled,1,0,0,0,0,0
messin,1,0,0,0,0,0
daunting,1,0,0,0,0,0
complaining,1,0,0,0,0,0
adjust,1,0,0,0,0,0
tryin,1,0,0,0,0,0
resent,1,0,0,0,0,0
nme,1,0,0,0,0,0
centre,1,0,0,0,0,0
mental,1,0,0,0,0,0
poster,1,0,0,0,0,0
street,1,0,0,0,0,0
stresses,1,0,0,0,0,0
bredda,1,0,0,0,0,0
cookin,1,0,0,0,0,0
nightmare,1,0,0,0,0,0
pillar,1,0,0,0,0,0
funeral,1,0,0,0,0,0
euros,1,0,0,0,0,0
delusional,1,0,0,0,0,0
hublots,1,0,0,0,0,0
rose,1,0,0,0,0,0
goats,1,0,0,0,0,0
capsize,1,0,0,0,0,0
usual,1,0,0,0,0,0
glide,1,0,0,0,0,0
spittin,1,0,0,0,0,0
backslide,1,0,0,0,0,0
twin,1,0,0,0,0,0
kippin,1,0,0,0,0,0
drippin,1,0,0,0,0,0
drenched,1,0,0,0,0,0
core,1,0,0,0,0,0
alan,1,0,0,0,0,0
basically,1,0,0,0,0,0
flavor,1,0,0,0,0,0
sleeps,1,0,0,0,0,0
heave,1,0,0,0,0,0
parked,1,0,0,0,0,0
secs,1,0,0,0,0,0
receipts,1,0,0,0,0,0
treat,1,0,0,0,0,0
treated,1,0,0,0,0,0
minutes,1,0,0,0,0,0
handle,1,0,0,0,0,0
downed,1,0,0,0,0,0
destructive,1,0,0,0,0,0
wealth,1,0,0,0,0,0
stevie,1,0,0,0,0,0
dbe,1,0,0,0,0,0
dnd,1,0,0,0,0,0
super,1,0,0,0,0,0
sweaters,1,0,0,0,0,0
rip,1,0,0,0,0,0
visions,1,0,0,0,0,0
having,1,0,0,0,0,0
necessary,1,0,0,0,0,0
brief,1,0,0,0,0,0
generation,1,0,0,0,0,0
troubled,1,0,0,0,0,0
whispered,1,0,0,0,0,0
phillipe,1,0,0,0,0,0
slept,1,0,0,0,0,0
tearin,1,0,0,0,0,0
leather,1,0,0,0,0,0
wings,1,0,0,0,0,0
questioning,1,0,0,0,0,0
beginners,1,0,0,0,0,0
fluke,1,0,0,0,0,0
toby,1,0,0,0,0,0
battling,1,0,0,0,0,0
advice,1,0,0,0,0,0
sneaks,1,0,0,0,0,0
shepherd,1,0,0,0,0,0
speaks,1,0,0,0,0,0
coupe,1,0,0,0,0,0
studies,1,0,0,0,0,0
crib,1,0,0,0,0,0
troublesome,1,0,0,0,0,0
zute,1,0,0,0,0,0
views,1,0,0,0,0,0
suite,1,0,0,0,0,0
penthouse,1,0,0,0,0,0
roof,1,0,0,0,0,0
preach,1,0,0,0,0,0
stitchin,1,0,0,0,0,0
strips,1,0,0,0,0,0
sertraline,1,0,0,0,0,0
welcome,1,0,0,0,0,0
charlie,1,0,0,0,0,0
raven,1,0,0,0,0,0
blatant,1,0,0,0,0,0
patty,1,0,0,0,0,0
fur,1,0,0,0,0,0
handy,1,0,0,0,0,0
makin,1,0,0,0,0,0
audemar,1,0,0,0,0,0
mil,1,0,0,0,0,0
gandhi,1,0,0,0,0,0
anni,1,0,0,0,0,0
suckin,1,0,0,0,0,0
paigons,1,0,0,0,0,0
wing,1,0,0,0,0,0
funds,1,1,0,0,0,0
gums,1,0,0,0,0,0
timepiece,1,0,0,0,0,0
colors,1,0,0,0,0,0
embody,1,0,0,0,0,0
andros,1,0,0,0,0,0
townsend,1,0,0,0,0,0
prevail,1,0,0,0,0,0
elle,1,0,0,0,0,0
danny,1,0,0,0,0,0
payment,1,0,0,0,0,0
cali,1,0,0,0,0,0
winter,1,0,0,0,0,0
shelter,1,0,0,0,0,0
bulk,1,0,0,0,0,0
choke,1,0,0,0,0,0
reimbursed,1,0,0,0,0,0
pass,1,0,0,0,0,0
virgin,1,0,0,0,0,0
trayvon,1,0,0,0,0,0
cosigns,1,0,0,0,0,0
hoodie,1,0,0,0,0,0
carers,1,0,0,0,0,0
clearer,1,0,0,0,0,0
pallbearer,1,0,0,0,0,0
caine,1,0,0,0,0,0
hitta,1,0,0,0,0,0
spinners,1,0,0,0,0,0
reminiscin,1,0,0,0,0,0
platform,1,0,0,0,0,0
hitter,1,0,0,0,0,0
corn,1,0,0,0,0,0
balmain,1,0,0,0,0,0
paris,1,0,0,0,0,0
hanny,1,0,0,0,0,0
chow,1,0,0,0,0,0
deals,1,0,0,0,0,0
security,1,0,0,0,0,0
benefit,1,0,0,0,0,0
cities,1,0,0,0,0,0
checkin,1,0,0,0,0,0
randomly,1,0,0,0,0,0
birmingham,1,0,0,0,0,0
stone,1,0,0,0,0,0
boats,1,0,0,0,0,0
soaked,1,0,0,0,0,0
canterbury,1,0,0,0,0,0
falling,1,0,0,0,0,0
camden,1,0,0,0,0,0
trappin,1,0,0,0,0,0
lege,1,0,0,0,0,0
ali,1,0,0,0,0,0
catastrophe,1,0,0,0,0,0
drastically,1,0,0,0,0,0
receive,1,0,0,0,0,0
declare,1,0,0,0,0,0
flashbacks,1,0,0,0,0,0
spesh,1,0,0,0,0,0
flesh,1,0,0,0,0,0
paigon,1,0,0,0,0,0
comeback,1,0,0,0,0,0
casually,1,0,0,0,0,0
throwbacks,1,0,0,0,0,0
rowdy,1,0,0,0,0,0
irony,1,0,0,0,0,0
horrified,1,0,0,0,0,0
apologise,1,0,0,0,0,0
stab,1,0,0,0,0,0
qualified,1,0,0,0,0,0
comment,1,0,0,0,0,0
mouths,1,0,0,0,0,0
spoons,1,0,0,0,0,0
mein,1,0,0,0,0,0
ties,1,0,0,0,0,0
fancy,1,0,0,0,0,0
crack,1,0,0,1,0,0
dry,1,0,0,0,0,0
pro,1,0,0,0,0,0
opps,1,0,0,0,0,0
racist,1,0,0,0,0,0
scholarship,1,0,0,0,0,0
claim,1,0,0,0,0,0
trial,1,0,0,0,0,0
dial,1,0,0,0,0,0
lizz,1,0,0,0,0,0
meaner,1,0,0,0,0,0
league,1,0,0,0,0,0
cleaner,1,0,0,0,0,0
socials,1,0,0,0,0,0
grit,1,0,0,0,0,0
hill,1,0,0,0,0,0
information,1,0,0,0,0,0
sharin,1,0,0,0,0,0
playin,1,0,0,0,0,0
passing,1,0,0,0,0,0
legit,1,0,0,0,0,0
counter,1,0,0,0,0,0
motivator,1,0,0,0,0,0
ridiculous,1,0,0,0,0,0
moguls,1,0,0,0,0,0
miscommunication,1,0,0,0,0,0
traditions,1,0,0,0,0,0
rounded,1,0,0,0,0,0
kettle,1,0,0,0,0,0
playing,1,0,0,0,0,0
ownership,1,0,0,0,0,0
thirty,1,0,0,0,0,0
bof,1,0,0,0,0,0
tiny,1,0,0,0,0,0
givin,1,0,0,0,0,0
flying,1,0,0,0,0,0
bane,1,0,0,0,0,0
fork,1,0,0,0,0,0
cyphers,1,0,0,0,0,0
hearted,1,0,0,0,0,0
voids,1,0,0,0,0,0
empty,1,0,0,0,0,0
healthy,1,0,0,0,0,0
therapist,1,0,0,0,0,0
spill,1,0,0,0,0,0
fellowship,1,0,0,0,0,0
drives,1,0,0,0,0,0
cherish,1,0,0,0,0,0
lasts,1,0,0,0,0,0
clarted,1,0,0,0,0,0
lions,1,0,0,0,0,0
bears,1,0,0,0,0,0
bares,1,0,0,0,0,0
kuba,1,0,0,0,0,0
departed,1,0,0,0,0,0
ticket,1,0,0,0,0,0
crips,1,0,0,0,0,0
fathers,1,0,0,0,0,0
preferred,1,0,0,0,0,0
spiders,1,0,0,0,0,0
martyred,1,0,0,0,0,0
aslan,1,0,0,0,0,0
simba,1,0,0,0,0,0
audacious,1,0,0,0,0,0
stones,1,0,0,0,0,0
fee,1,0,0,0,0,0
meet,1,0,0,0,0,0
treble,1,0,0,0,0,0
dodge,1,0,0,0,0,0
paps,1,0,0,0,0,0
maximum,1,0,0,0,0,0
matata,1,0,0,0,0,0
hakuna,1,0,0,0,0,0
boast,1,0,0,0,0,0
whackers,1,0,0,0,0,0
bly,1,0,0,0,0,0
thailand,1,0,0,0,0,0
finance,1,0,0,0,0,0
lacka,1,0,0,0,0,0
shacka,1,0,0,0,0,0
rented,1,0,0,0,0,0
fry,1,0,0,0,0,0
arena,1,0,0,0,0,0
dome,1,0,0,0,0,0
rep,1,0,0,0,0,0
tore,1,0,0,0,0,0
thanos,1,0,0,0,0,0
brudder,1,0,0,0,0,0
hm,1,0,0,0,0,0
level,1,0,0,0,0,0
gangland,1,0,0,0,0,0
inbox,1,0,0,0,0,0
sendin,1,0,0,0,0,0
fans,1,0,0,0,0,0
trucks,1,0,0,0,0,0
lambo,1,0,0,0,0,0
skiz,1,0,0,0,0,0
lives,1,0,0,0,0,0
rambos,1,0,0,0,0,0
jack,1,0,0,0,1,0
wolf,1,0,0,0,0,0
skizzin,1,0,0,0,0,0
killa,1,0,0,0,0,0
sheepskin,1,0,0,0,0,0
torn,1,0,0,0,0,0
jaw,1,0,0,0,0,0
enemy,1,0,0,0,0,0
screaming,1,0,0,0,0,0
stormborne,1,0,0,0,0,0
peter,1,0,0,0,0,0
lettin,1,0,0,0,0,0
hi,1,0,0,0,0,0
summers,1,0,0,0,0,0
uninsured,1,0,0,0,0,0
flippin,1,0,0,0,0,0
bombs,1,0,0,0,0,0
ticking,1,0,0,0,0,0
master,1,0,0,0,0,0
icons,1,0,0,0,0,0
innovators,1,0,0,0,0,0
grove,1,0,0,0,0,0
flag,1,0,0,0,0,0
pie,1,0,0,0,0,0
rights,1,0,0,0,0,0
demise,1,0,0,0,0,0
screamin,1,0,0,0,0,0
domination,1,0,0,0,0,0
smash,1,0,0,0,0,0
dapaah,1,0,0,0,0,0
migrate,1,0,0,0,0,0
parents,1,0,0,0,0,0
lightweights,1,0,0,0,0,0
cape,1,0,0,0,0,0
superheroes,1,0,0,0,0,0
reinforce,1,0,0,0,0,0
pays,1,1,0,0,0,0
fabulous,1,0,0,0,0,0
someday,1,0,0,0,0,0
woman,1,0,0,0,0,0
wonderful,1,0,0,0,0,0
disney,1,0,0,0,0,0
reminiscing,1,0,0,0,0,0
favorite,1,0,0,0,0,0
shambles,1,0,0,0,0,0
bliss,1,0,0,0,0,0
thankful,1,0,0,0,0,1
myths,1,0,0,0,0,0
handful,1,0,0,0,0,0
such,1,0,0,0,0,0
zadie,1,0,0,0,0,0
message,1,0,0,0,0,0
read,1,0,0,0,0,0
edit,1,0,0,0,0,0
script,1,0,0,0,0,0
ages,1,0,0,0,0,0
reach,1,0,0,0,0,0
pathetic,1,0,0,0,0,0
children,1,0,0,0,0,0
lizzy,1,0,0,0,0,0
busy,1,0,0,0,0,0
lately,1,0,0,0,0,0
wondered,1,0,0,0,0,0
effortlessly,1,0,0,0,0,0
hack,1,0,0,0,0,0
sat,1,0,0,0,0,0
sporty,1,0,0,0,0,0
olders,1,0,0,0,0,0
rely,1,0,0,0,0,0
fightin,1,0,0,0,0,0
kofis,1,0,0,0,0,0
keeper,1,0,0,0,0,0
underrate,1,0,0,0,0,0
hatey,1,0,0,0,0,0
support,1,0,0,0,0,0
naughty,1,0,0,0,0,0
skrr,1,0,0,0,0,0
lamborghini,1,0,0,0,0,0
fault,1,0,0,0,0,0
adeolas,1,0,0,0,0,0
punch,1,0,0,0,0,0
race,1,0,0,0,0,0
tuned,1,0,0,0,0,0
thanks,1,0,0,0,0,1
oud,1,0,0,0,0,0
smell,1,0,0,0,0,0
intrude,1,0,0,0,0,0
magnum,1,0,0,0,0,0
opus,1,0,0,0,0,0
worthy,1,0,0,0,0,0
pretty,1,0,0,0,0,0
tedious,1,0,0,0,0,0
curve,1,0,0,0,0,0
magic,1,0,0,0,0,0
immaculate,1,0,0,0,0,0
endorse,1,0,0,0,0,0
cheerin,1,0,0,0,0,0
engineerin,1,0,0,0,0,0
women,1,0,0,0,0,0
simz,1,0,0,0,0,0
simone,1,0,0,0,0,0
nina,1,0,0,0,0,0
misunderstood,1,0,0,0,0,0
prem,1,0,0,0,0,0
courage,1,0,0,0,0,0
shade,1,0,0,0,0,0
frame,1,0,0,0,0,0
hooks,1,0,0,0,0,0
officer,1,0,0,0,0,0
lens,1,0,0,0,0,0
bangin,1,0,0,0,0,0
blackman,1,0,0,0,0,0
malorie,1,0,0,0,0,0
venus,1,0,0,0,0,0
hella,1,0,0,0,0,0
dissing,1,0,0,0,0,0
decisions,1,0,0,0,0,0
wrackin,1,0,0,0,0,0
source,1,0,0,0,0,0
shutter,1,0,0,0,0,0
each,1,0,0,0,0,0
insecure,1,0,0,0,0,0
aww,1,0,0,0,0,0
battlin,1,0,0,0,0,0
himself,1,0,0,0,0,0
enoch,1,0,0,0,0,0
stutter,1,0,0,0,0,0
fishes,1,0,0,0,0,0
clock,1,0,0,0,0,0
bustin,1,0,0,0,0,0
flyin,1,0,0,0,0,0
idris,1,0,0,0,0,0
bond,1,0,0,0,0,0
james,1,0,0,0,0,0
illest,1,0,0,0,0,0
rid,1,0,0,0,0,0
smoother,1,0,0,0,0,0
inclusive,1,0,0,0,0,0
dubai,1,0,0,0,0,0
exclusive,1,0,0,0,0,0
closed,1,0,0,0,0,0
mountain,1,0,0,0,0,0
genius,1,0,0,0,0,0
moves,1,0,0,0,0,0
scatty,1,0,0,0,0,0
chatty,1,0,0,0,0,0
moving,1,0,0,0,0,0
arm,1,0,0,0,0,0
slack,1,0,0,0,0,0
implement,1,0,0,0,0,0
pussies,1,0,0,0,0,0
cancelled,1,0,0,0,0,0
schools,1,0,0,0,0,0
gems,1,0,0,0,0,0
hottest,1,0,0,0,0,0
wah,1,0,0,0,0,0
rubbin,1,0,0,0,0,0
lapel,1,0,0,0,0,0
holes,1,0,0,0,0,0
needle,1,0,0,0,0,0
movers,1,0,0,0,0,0
nude,1,0,0,0,0,0
gyals,1,0,0,0,0,0
shakers,1,0,0,0,0,0
droppin,1,0,0,0,0,0
bougie,1,0,0,0,0,0
gyal,1,0,1,0,0,0
stuck,1,0,0,0,0,0
dollar,1,0,0,0,0,0
billin,1,0,0,0,0,0
beatle,1,0,0,0,0,0
favors,1,0,0,0,0,0
wishing,1,0,0,0,0,0
esteem,1,0,0,0,0,0
drain,1,0,0,0,0,0
poured,1,0,0,0,0,0
rahim,1,0,0,0,0,0
luxury,1,0,0,0,0,0
showing,1,0,0,0,0,0
trier,1,0,0,0,0,0
auntie,1,0,0,0,0,0
course,1,0,0,0,0,0
hawkeye,1,0,0,0,0,0
coward,1,0,0,0,0,0
dig,1,0,0,0,0,0
pacing,1,0,0,0,0,0
neither,1,0,0,0,0,0
spotlight,1,0,0,0,0,0
driver,1,0,0,0,0,0
products,1,0,0,0,0,0
scholarships,1,0,0,0,0,0
fetta,1,1,0,0,0,0
cocoa,1,0,0,0,0,0
politics,1,0,0,0,0,0
butter,1,1,0,0,0,0
sliders,1,0,0,0,0,0
fluent,1,0,0,0,0,0
jarrin,1,0,0,0,0,0
community,1,0,0,0,0,1
multiple,1,0,0,0,0,0
phoned,1,0,0,0,0,0
survivor,1,0,0,0,0,0
servicin,1,0,0,0,0,0
glory,1,0,0,0,0,0
jireh,1,0,0,0,0,0
barrin,1,0,0,0,0,0
killin,1,0,0,0,0,0
villain,1,0,0,0,0,0
government,1,0,0,0,0,0
retire,1,0,0,0,0,0
liar,1,0,0,0,0,0
rule,1,0,0,0,0,0
goddess,1,0,1,0,0,0
forest,1,0,0,0,0,0
seeds,1,0,0,0,0,0
whilst,1,0,0,0,0,0
mick,1,0,0,0,0,0
kente,1,0,0,0,0,0
vibe,1,0,0,0,0,0
blacked,1,0,0,0,0,0
force,1,0,0,0,0,0
birthday,1,0,0,0,0,0
approach,1,0,0,0,0,0
jedi,1,0,0,0,0,0
lighten,1,0,0,0,0,0
reachin,1,0,0,0,0,0
cheek,1,0,0,0,0,0
kissin,1,0,0,0,0,0
waste,1,0,0,0,0,0
mighty,1,0,0,0,0,0
piece,1,0,0,0,1,0
ti,1,0,0,0,0,0
oluwaburna,1,0,0,0,0,0
almighty,1,0,0,0,0,0
awe,1,0,0,0,0,0
amazing,1,0,0,0,0,0
wetin,1,0,0,0,0,0
wey,1,0,0,0,0,0
tey,1,0,0,0,0,0
e,1,0,0,0,0,0
amore,1,0,0,0,0,0
grungers,1,0,0,0,0,0
relieve,1,0,0,0,0,0
hundreds,1,0,0,0,0,0
thousands,1,0,0,0,0,0
trees,1,0,0,0,0,0
breeze,1,0,0,0,0,0
ho,1,0,1,0,0,0
refresh,1,0,0,0,0,0
debt,1,0,0,0,0,0
hulk,1,0,0,0,0,0
pepsi,1,0,0,0,0,0
collections,1,0,0,0,0,0
rolex,1,0,0,0,0,0
protect,1,0,0,0,0,0
zero,1,0,0,0,0,0
adults,1,0,0,0,0,0
coat,1,0,0,0,0,0
speshy,1,0,0,0,0,0
ropes,1,0,0,0,0,0
laser,1,0,0,0,0,0
tetley,1,0,0,0,0,0
distressed,1,0,0,0,0,0
everest,1,0,0,0,0,0
mount,1,0,0,0,0,0
lowe,1,0,0,0,0,0
mi,1,0,0,0,0,0
bruddah,1,0,0,0,0,0
sofas,1,0,0,0,0,0
tekkers,1,0,0,0,0,0
hazard,1,0,0,0,0,0
nope,1,0,0,0,0,0
guard,1,0,0,0,0,0
toys,1,0,0,0,0,0
chattin,1,0,0,0,0,0
slower,1,0,0,0,0,0
movin,1,0,0,0,0,0
risk,1,0,0,0,0,0
stuntin,1,0,0,0,0,0
peppered,1,0,0,0,0,0
shellers,1,0,0,0,0,0
lighting,1,0,0,0,0,0
movements,1,0,0,0,0,0
saddest,1,0,0,0,0,0
maddest,1,0,0,0,0,0
launched,1,0,0,0,0,0
drums,1,0,0,0,0,0
forgot,1,0,0,0,0,0
fraid,1,0,0,0,0,0
usually,1,0,0,0,0,0
gully,1,0,0,0,0,0
mama,1,0,0,0,0,0
aitch,1,0,0,0,0,0
quick,1,0,0,0,0,0
pace,1,0,0,0,0,0
uppin,1,0,0,0,0,0
searching,1,0,0,0,0,0
brighten,1,0,0,0,0,0
j,1,0,0,0,0,0
lightin,1,0,0,0,0,0
worthless,1,0,0,0,0,0
drained,1,0,0,0,0,0
filled,1,0,0,0,0,0
sad,1,0,0,0,0,0
gash,1,0,0,0,0,0
wack,1,0,0,0,0,0
resist,1,0,0,0,0,0
tightest,1,0,0,0,0,0
embrace,1,0,0,0,0,0
drank,1,0,0,1,0,0
astray,1,0,0,0,0,0
load,1,0,0,0,0,0
liquor,1,0,0,0,0,0
watchin,1,0,0,0,0,0
sittin,1,0,0,0,0,0
boomerang,1,0,0,0,0,0
grindin,1,0,0,0,0,0
lackin,1,0,0,0,0,0
dunce,1,0,0,0,0,0
wreckin,1,0,0,0,0,0
rehearsals,1,0,0,0,0,0
rockets,1,0,0,0,0,0
lighter,1,0,0,0,0,0
lumberjack,1,0,0,0,0,0
wood,1,0,0,0,0,0
dun,1,0,0,0,0,0
commercial,1,0,0,0,0,0
spitter,1,0,0,0,0,0
reversals,1,0,0,0,0,0
role,1,0,0,0,0,0
sides,1,0,0,0,0,0
blessin,1,0,0,0,0,0
months,1,0,0,0,0,0
verbals,1,0,0,0,0,0
acquire,1,0,0,0,0,0
choir,1,0,0,0,0,0
singin,1,0,0,0,0,0
litness,1,0,0,0,0,0
stare,1,0,0,0,0,0
witness,1,0,0,0,0,0
biscuits,1,0,0,0,0,0
sippin,1,0,0,0,0,0
primary,1,0,0,0,0,0
brag,1,0,0,0,0,0
tice,1,0,0,0,0,0
joking,1,0,0,0,0,0
commas,1,0,0,0,0,0
gatekeepers,1,0,0,0,0,0
fried,1,0,0,0,0,0
lied,1,0,0,0,0,0
google,1,0,0,0,0,0
sharapovas,1,0,0,0,0,0
worth,1,0,0,0,0,0
network,1,0,0,0,0,0
legs,1,0,0,0,0,0
hop,1,0,0,0,0,0
wimbledon,1,0,0,0,0,0
anywhere,1,0,0,0,0,0
figo,1,0,0,0,0,0
amigo,1,0,0,0,0,0
ego,1,0,0,0,0,0
default,1,0,0,0,0,0
volt,1,0,0,0,0,0
flavors,1,0,0,0,0,0
colder,1,0,0,0,0,0
stressful,1,0,0,0,0,0
simple,1,0,0,0,0,0
nicest,1,0,0,0,0,0
hall,1,0,0,0,0,0
dinner,1,0,0,0,0,0
figot,1,0,0,0,0,0
charged,1,0,0,0,0,0
carlton,1,0,0,0,0,0
proactive,1,0,0,0,0,0
martin,1,0,0,0,0,0
chris,1,0,0,0,0,0
chartin,1,0,0,0,0,0
reactive,1,0,0,0,0,0
destructin,1,0,0,0,0,0
clout,1,0,0,0,0,0
language,1,0,0,0,0,0
household,1,0,0,0,0,0
patient,1,0,0,0,0,0
east,1,0,0,0,0,0
north,1,0,0,0,0,0
snappin,1,0,0,0,0,0
rooted,1,0,0,0,0,0
slumped,1,0,0,0,0,0
packin,1,0,0,0,0,0
punched,1,0,0,0,0,0
eediot,1,0,0,0,0,0
lunch,1,0,0,0,0,0
cunts,1,0,0,0,0,0
anthony,1,0,0,0,0,0
amp,1,0,0,0,0,0
jazzy,1,0,0,0,0,0
mrs,1,0,0,0,0,0
askin,1,0,0,0,0,0
guides,1,0,0,0,0,0
lonely,1,0,0,0,0,0
payin,1,0,0,0,0,0
ladies,1,0,0,0,0,0
legacies,1,0,0,0,0,0
english,1,0,0,0,0,0
nautilus,1,0,0,0,0,0
pharrell,1,0,0,0,0,0
sport,1,0,0,0,0,0
mille,1,0,0,0,0,0
birthdays,1,0,0,0,0,0
tall,1,0,0,0,0,0
circle,1,0,0,0,0,0
belt,1,0,0,0,0,0
champion,1,0,0,0,0,0
heavyweight,1,0,0,0,0,0
frankly,1,0,0,0,0,0
quite,1,0,0,0,0,0
panty,1,0,0,0,0,0
bra,1,0,0,0,0,0
truly,1,0,0,0,0,0
